timestamp,open,high,low,close,volume
2025-11-04 14:28:00,25674.0,25678.75,25654.75,25655.75,2573.0
2025-11-04 14:29:01,25656.0,25665.0,25656.0,25662.0,1965.0
2025-11-04 14:31:01,25660.25,25665.5,25643.75,25645.5,3407.0
2025-11-04 14:32:01,25645.0,25645.0,25630.0,25633.25,4114.0
2025-11-04 14:33:01,25633.5,25634.0,25624.25,25629.0,2848.0
2025-11-04 14:36:00,25647.25,25649.0,25630.0,25630.75,2336.0
2025-11-04 14:38:00.626901,25619.75,25625.25,25612.5,25613.75,2109.0
2025-11-04 14:39:00.370665,25614.25,25614.5,25588.75,25593.5,5525.0
2025-11-04 14:40:01.323281,25594.0,25605.0,25592.25,25597.75,3249.0
2025-11-04 14:41:00.424123,25597.5,25613.75,25593.0,25599.25,3100.0
2025-11-04 14:42:00.514390,25599.0,25601.25,25588.25,25590.0,2514.0
2025-11-04 14:43:00.707939,25589.75,25592.25,25585.5,25588.0,2533.0
2025-11-04 14:44:00.575381,25587.0,25587.75,25574.25,25586.0,4081.0
2025-11-04 14:45:08.384639,25586.25,25596.75,25586.25,25592.75,2517.0
2025-11-04 14:46:00.904174,25592.5,25605.75,25586.0,25599.0,3803.0
2025-11-04 14:47:00.569973,25598.75,25599.25,25583.25,25587.25,2252.0
2025-11-04 14:48:00.862857,25587.25,25594.75,25581.75,25589.75,1870.0
2025-11-04 14:49:00.394381,25589.5,25595.5,25582.25,25585.0,1693.0
2025-11-04 14:50:00.422664,25584.75,25590.25,25579.25,25582.25,1779.0
2025-11-04 14:51:00.446165,25581.75,25589.0,25575.75,25586.0,2589.0
2025-11-04 14:52:00.740579,25586.25,25595.25,25576.5,25585.5,3038.0
2025-11-04 14:53:00.524392,25585.25,25601.75,25582.75,25596.25,2396.0
2025-11-04 14:54:00.627329,25595.5,25601.0,25588.75,25591.25,2272.0
2025-11-04 14:55:00.692959,25591.5,25595.25,25585.0,25585.25,1588.0
2025-11-04 14:56:00.524630,25586.0,25609.75,25584.75,25606.25,2939.0
2025-11-04 14:57:00.530955,25605.75,25605.75,25592.5,25595.25,2446.0
2025-11-04 14:58:00.362418,25595.25,25600.75,25589.75,25596.25,1519.0
2025-11-04 14:59:00.738050,25596.25,25597.0,25589.0,25595.0,1357.0
2025-11-04 15:00:00.788890,25595.25,25606.75,25591.5,25606.0,2348.0
2025-11-04 15:01:01.120844,25605.75,25610.75,25598.5,25608.5,2910.0
2025-11-04 15:02:00.698473,25608.25,25615.75,25596.25,25597.0,3135.0
2025-11-04 15:03:00.522469,25597.0,25602.75,25591.25,25596.25,2403.0
2025-11-04 15:04:00.549978,25595.25,25598.5,25588.5,25591.25,1755.0
2025-11-04 15:05:00.539680,25591.25,25601.25,25591.25,25596.75,1509.0
2025-11-04 15:06:00.569918,25596.75,25616.5,25595.0,25615.75,2585.0
2025-11-04 15:07:00.561740,25615.75,25618.0,25606.25,25611.0,2407.0
2025-11-04 15:08:00.385361,25610.75,25618.0,25601.25,25602.5,1730.0
2025-11-04 15:09:00.461158,25603.0,25615.5,25601.25,25614.75,1599.0
2025-11-04 15:10:00.551685,25614.5,25615.5,25605.75,25606.75,1461.0
2025-11-04 15:11:00.433668,25606.25,25607.5,25597.5,25599.5,2039.0
2025-11-04 15:12:00.695718,25599.5,25612.5,25598.75,25608.25,1651.0
2025-11-04 15:13:00.438705,25608.75,25612.25,25603.0,25610.0,1361.0
2025-11-04 15:14:00.551004,25609.75,25621.0,25605.25,25619.5,2377.0
2025-11-04 15:15:00.552183,25619.5,25627.5,25617.0,25623.0,2584.0
2025-11-04 15:16:00.595237,25623.5,25637.75,25616.25,25636.75,3469.0
2025-11-04 15:17:00.708363,25636.75,25639.75,25624.0,25625.25,2327.0
2025-11-04 15:18:00.599773,25625.25,25630.5,25617.5,25622.0,2311.0
2025-11-04 15:19:00.427207,25622.0,25628.25,25615.0,25621.25,2137.0
2025-11-04 15:20:00.642109,25621.5,25630.5,25620.0,25621.75,1444.0
2025-11-04 15:21:00.579725,25621.75,25623.0,25595.5,25600.0,4870.0
2025-11-04 15:22:00.575283,25600.0,25604.5,25590.25,25595.75,2827.0
2025-11-04 15:23:00.451114,25595.75,25597.0,25588.0,25589.75,1767.0
2025-11-04 15:24:00.616291,25590.0,25600.0,25581.25,25599.5,3261.0
2025-11-04 15:25:00.410578,25599.25,25600.75,25591.0,25592.75,1595.0
2025-11-04 15:26:00.900976,25593.5,25601.75,25592.0,25597.75,1427.0
2025-11-04 15:27:00.655943,25597.5,25598.25,25590.5,25593.0,1267.0
2025-11-04 15:28:00.448049,25592.75,25611.5,25592.75,25605.0,3500.0
2025-11-04 15:29:00.954618,25605.75,25611.75,25603.5,25610.25,1340.0
2025-11-04 15:30:01.791553,25610.5,25622.5,25609.75,25620.5,2307.0
2025-11-04 15:31:00.804293,25620.75,25624.75,25604.0,25610.25,3590.0
2025-11-04 15:32:00.338071,25610.0,25613.75,25594.25,25599.5,2187.0
2025-11-04 15:33:00.522902,25599.5,25616.0,25598.5,25611.5,1787.0
2025-11-04 15:34:01.613102,25611.5,25617.0,25605.0,25606.25,1543.0
2025-11-04 15:35:00.747983,25606.25,25609.75,25600.75,25605.0,1270.0
2025-11-04 15:36:00.649669,25605.5,25617.25,25600.0,25615.5,2066.0
2025-11-04 15:37:00.581134,25616.5,25631.25,25614.75,25629.75,2855.0
2025-11-04 15:38:00.881470,25629.75,25630.5,25615.5,25618.75,2223.0
2025-11-04 15:39:00.374570,25618.75,25628.5,25615.0,25626.5,1684.0
2025-11-04 15:40:02.043136,25627.0,25627.25,25610.75,25613.25,1954.0
2025-11-04 15:41:00.511812,25613.75,25618.75,25608.5,25616.5,1836.0
2025-11-04 15:42:01.240305,25617.0,25627.25,25616.75,25623.5,1828.0
2025-11-04 15:43:00.495909,25623.75,25625.25,25615.75,25623.5,1387.0
2025-11-04 15:44:00.486337,25623.5,25631.0,25621.75,25628.5,1616.0
2025-11-04 15:45:00.667325,25629.0,25634.25,25626.25,25629.25,1738.0
2025-11-04 15:46:00.863644,25629.25,25643.0,25629.0,25638.25,2848.0
2025-11-04 15:47:00.840430,25638.25,25639.0,25617.25,25626.75,3458.0
2025-11-04 15:48:00.507577,25627.5,25632.0,25619.25,25620.75,2340.0
2025-11-04 15:49:00.682158,25620.0,25622.5,25609.75,25610.0,2043.0
2025-11-04 15:50:00.616277,25610.25,25613.0,25589.0,25593.25,3459.0
2025-11-04 15:51:00.621241,25593.5,25597.0,25575.5,25577.75,5802.0
2025-11-04 15:52:00.563272,25577.0,25582.5,25567.0,25568.25,3695.0
2025-11-04 15:53:01.027400,25568.0,25569.5,25558.0,25565.75,4285.0
2025-11-04 15:54:00.855025,25565.25,25581.25,25565.0,25574.75,3309.0
2025-11-04 15:55:00.565162,25575.0,25576.25,25554.0,25559.25,4980.0
2025-11-04 15:56:00.482462,25559.5,25564.0,25550.0,25557.5,4526.0
2025-11-04 15:57:00.597910,25557.75,25558.75,25545.0,25550.25,3435.0
2025-11-04 15:58:00.485634,25548.75,25559.75,25548.5,25559.0,2999.0
2025-11-04 15:59:00.539574,25559.25,25572.5,25556.25,25571.25,3274.0
2025-11-04 16:00:05.855458,25571.75,25582.75,25567.5,25579.5,7606.0
2025-11-04 16:01:02.492114,25579.0,25589.75,25570.5,25589.75,4179.0
2025-11-04 16:02:00.436258,25589.75,25593.0,25574.0,25575.5,2586.0
2025-11-04 16:03:00.375565,25575.5,25576.25,25565.0,25574.5,2745.0
2025-11-04 16:04:00.705204,25574.75,25582.75,25572.75,25578.5,1584.0
2025-11-04 16:05:00.326397,25579.25,25582.0,25574.0,25577.25,1132.0
2025-11-04 16:06:00.437220,25577.25,25589.5,25576.5,25581.5,1907.0
2025-11-04 16:07:00.373766,25581.25,25582.75,25569.25,25570.0,1593.0
2025-11-04 16:08:00.662593,25569.75,25572.75,25566.5,25569.25,1189.0
2025-11-04 16:09:00.571745,25570.25,25571.75,25558.0,25558.25,1232.0
2025-11-04 16:10:00.583804,25558.25,25561.75,25554.25,25557.25,1171.0
2025-11-04 16:11:00.814468,25557.5,25563.25,25555.25,25563.0,1174.0
2025-11-04 16:12:00.344884,25563.25,25564.5,25553.75,25556.5,681.0
2025-11-04 16:13:00.515144,25556.5,25564.0,25556.0,25559.0,666.0
2025-11-04 16:14:00.424896,25558.5,25563.0,25558.25,25563.0,594.0
2025-11-04 16:15:00.568003,25562.75,25568.75,25555.25,25567.0,1302.0
2025-11-04 16:16:00.957179,25566.5,25577.25,25517.0,25572.5,6022.0
2025-11-04 16:17:00.408675,25572.25,25582.5,25556.75,25559.5,1868.0
2025-11-04 16:18:00.381543,25559.25,25582.0,25559.25,25574.75,1670.0
2025-11-04 16:19:00.380252,25574.75,25576.5,25568.75,25569.75,803.0
2025-11-04 16:20:00.395916,25568.75,25571.75,25557.0,25568.5,1045.0
2025-11-04 16:21:00.544602,25568.25,25570.0,25562.75,25563.25,473.0
2025-11-04 16:22:00.729536,25563.5,25563.5,25558.5,25561.75,690.0
2025-11-04 16:23:00.377565,25561.0,25564.0,25551.25,25553.75,751.0
2025-11-04 16:24:00.831817,25553.75,25555.5,25541.5,25544.75,1560.0
2025-11-04 16:25:00.547653,25545.25,25548.0,25536.5,25538.75,892.0
2025-11-04 16:26:00.360578,25538.25,25545.75,25535.75,25543.25,1116.0
2025-11-04 16:27:00.579195,25543.5,25545.0,25529.5,25538.25,1130.0
2025-11-04 16:28:00.370976,25537.25,25539.75,25529.0,25535.0,888.0
2025-11-04 16:29:00.529066,25534.5,25544.25,25530.0,25540.25,994.0
2025-11-04 16:30:01.056809,25539.5,25543.5,25537.0,25542.25,461.0
2025-11-04 16:31:00.404350,25542.75,25547.25,25534.75,25538.5,575.0
2025-11-04 16:32:02.627259,25538.25,25549.0,25538.0,25539.25,508.0
2025-11-04 16:33:00.398743,25540.25,25540.75,25527.5,25530.0,632.0
2025-11-04 16:34:00.378209,25530.25,25532.5,25525.75,25530.0,568.0
2025-11-04 16:35:00.532609,25530.0,25536.25,25527.75,25536.0,455.0
2025-11-04 16:36:00.671638,25536.0,25536.5,25526.5,25527.75,560.0
2025-11-04 16:37:00.463272,25528.25,25531.75,25527.0,25528.75,429.0
2025-11-04 16:38:00.393920,25528.75,25531.75,25526.75,25531.25,477.0
2025-11-04 16:39:00.355829,25531.25,25531.75,25523.0,25523.25,801.0
2025-11-04 16:40:00.331703,25523.25,25533.0,25521.75,25532.5,591.0
2025-11-04 16:41:01.563400,25532.5,25541.5,25531.5,25541.25,756.0
2025-11-04 16:42:00.526226,25541.0,25549.75,25540.5,25548.25,544.0
2025-11-04 16:43:00.509240,25548.0,25550.5,25541.0,25550.5,549.0
2025-11-04 16:44:00.565522,25550.0,25561.0,25550.0,25559.75,935.0
2025-11-04 16:45:00.588798,25559.75,25564.0,25557.75,25563.75,673.0
2025-11-04 16:46:00.959030,25563.5,25570.5,25563.5,25567.5,833.0
2025-11-04 16:47:00.385718,25567.0,25569.75,25564.25,25565.0,321.0
2025-11-04 16:48:00.351395,25565.0,25565.0,25557.5,25563.25,565.0
2025-11-04 16:49:00.791966,25564.25,25570.25,25562.25,25566.5,372.0
2025-11-04 16:50:00.542901,25566.5,25568.5,25561.25,25563.0,243.0
2025-11-04 16:51:00.356626,25563.25,25565.5,25560.75,25564.0,238.0
2025-11-04 16:52:00.523498,25563.75,25564.5,25559.0,25561.5,241.0
2025-11-04 16:53:00.576042,25561.5,25567.5,25560.25,25566.25,214.0
2025-11-04 16:54:00.599291,25567.5,25575.5,25566.75,25575.0,285.0
2025-11-04 16:55:00.724419,25575.25,25575.5,25572.25,25574.25,307.0
2025-11-04 16:56:00.462968,25575.0,25583.75,25574.5,25583.25,528.0
2025-11-04 16:57:00.554531,25583.0,25584.5,25578.75,25580.0,340.0
2025-11-04 16:58:00.306882,25580.5,25581.75,25576.75,25576.75,259.0
2025-11-04 18:01:01.237396,25545.0,25571.25,25545.0,25559.25,1756.0
2025-11-04 18:02:01.487813,25560.25,25574.5,25555.25,25565.25,997.0
2025-11-04 18:03:00.866366,25565.75,25566.0,25548.5,25550.5,743.0
2025-11-04 18:04:00.875609,25551.5,25552.25,25538.25,25539.0,968.0
2025-11-04 18:05:00.963117,25540.25,25541.25,25534.0,25535.25,564.0
2025-11-04 18:06:00.898667,25536.0,25541.0,25532.5,25538.0,583.0
2025-11-04 18:07:00.708185,25538.0,25541.0,25517.25,25519.25,916.0
2025-11-04 18:08:00.693867,25519.25,25526.25,25517.75,25525.25,555.0
2025-11-04 18:09:00.770122,25525.25,25530.0,25521.5,25522.5,427.0
2025-11-04 18:10:00.802941,25523.75,25526.0,25510.5,25514.25,1053.0
2025-11-04 18:11:00.832373,25514.5,25519.0,25512.75,25514.5,697.0
2025-11-04 18:12:00.617953,25514.5,25519.0,25511.25,25517.0,526.0
2025-11-04 18:13:00.776187,25517.75,25526.75,25517.75,25526.0,566.0
2025-11-04 18:14:01.072722,25526.75,25531.25,25525.0,25531.25,491.0
2025-11-04 18:15:01.640674,25531.25,25533.0,25527.75,25529.0,404.0
2025-11-04 18:16:01.066827,25528.75,25530.75,25521.75,25521.75,472.0
2025-11-04 18:17:00.646389,25521.75,25525.75,25518.75,25524.75,380.0
2025-11-04 18:18:01.083938,25525.25,25525.5,25516.25,25519.75,354.0
2025-11-04 18:19:00.718720,25520.0,25534.75,25516.75,25534.25,690.0
2025-11-04 18:20:01.019740,25533.5,25538.75,25532.5,25536.5,474.0
2025-11-04 18:21:01.511699,25535.75,25539.75,25528.25,25534.5,497.0
2025-11-04 18:22:01.510239,25534.25,25536.5,25529.0,25534.0,256.0
2025-11-04 18:23:00.773118,25534.25,25539.5,25530.0,25531.0,367.0
2025-11-04 18:24:01.712262,25531.0,25535.0,25526.0,25532.0,345.0
2025-11-04 18:25:02.197799,25532.0,25532.5,25523.25,25528.25,379.0
2025-11-04 18:26:00.552367,25529.0,25529.0,25520.75,25521.25,243.0
2025-11-04 18:27:02.032852,25521.25,25521.75,25517.0,25521.5,382.0
2025-11-04 18:28:00.846292,25521.25,25521.25,25517.0,25517.75,180.0
2025-11-04 18:29:01.476722,25517.75,25518.25,25514.25,25518.0,259.0
2025-11-04 18:30:01.033599,25518.25,25522.5,25517.0,25519.0,279.0
2025-11-04 18:31:01.021987,25519.25,25526.75,25519.0,25525.75,501.0
2025-11-04 18:32:00.993682,25525.75,25532.75,25522.0,25532.25,448.0
2025-11-04 18:33:00.655137,25532.75,25537.0,25530.0,25532.5,497.0
2025-11-04 18:34:01.126218,25533.5,25535.75,25524.25,25525.25,338.0
2025-11-04 18:35:01.110842,25525.0,25525.75,25520.0,25523.5,371.0
2025-11-04 18:36:02.801633,25524.25,25526.0,25522.25,25523.25,245.0
2025-11-04 18:37:00.933290,25523.5,25524.0,25516.0,25516.25,396.0
2025-11-04 18:38:03.814778,25516.25,25519.5,25513.0,25514.75,405.0
2025-11-04 18:39:02.049787,25515.0,25522.5,25514.75,25521.75,368.0
2025-11-04 18:40:00.712022,25521.25,25529.0,25521.25,25525.0,449.0
2025-11-04 18:41:01.830921,25526.25,25527.75,25523.5,25527.75,129.0
2025-11-04 18:42:00.705968,25527.25,25528.0,25524.0,25526.25,317.0
2025-11-04 18:43:01.862120,25526.5,25528.5,25523.5,25525.75,270.0
2025-11-04 18:44:02.606899,25526.25,25529.75,25524.5,25527.5,217.0
2025-11-04 18:45:00.643617,25527.75,25531.5,25525.75,25527.0,297.0
2025-11-04 18:46:00.595958,25527.5,25528.25,25511.5,25515.5,952.0
2025-11-04 18:47:00.878268,25516.25,25517.5,25511.75,25513.25,436.0
2025-11-04 18:48:00.723233,25513.5,25517.25,25511.75,25515.25,236.0
2025-11-04 18:49:01.066619,25514.5,25515.0,25507.75,25512.25,677.0
2025-11-04 18:50:00.773670,25512.0,25512.75,25503.5,25509.0,944.0
2025-11-04 18:51:00.993963,25509.0,25511.75,25505.25,25508.0,431.0
2025-11-04 18:52:01.903500,25507.75,25508.75,25505.25,25506.75,235.0
2025-11-04 18:53:01.177124,25508.25,25514.75,25507.5,25510.75,375.0
2025-11-04 18:54:00.967242,25510.75,25514.5,25507.5,25511.25,381.0
2025-11-04 18:55:01.012894,25511.25,25511.25,25505.75,25509.25,383.0
2025-11-04 18:56:01.087576,25509.75,25511.25,25505.25,25507.0,243.0
2025-11-04 18:57:00.823674,25506.75,25508.25,25503.25,25505.0,425.0
2025-11-04 18:58:01.022967,25504.5,25509.0,25502.5,25507.25,324.0
2025-11-04 18:59:01.384212,25507.0,25510.25,25507.0,25508.5,184.0
2025-11-04 19:00:01.122590,25508.5,25508.75,25501.75,25503.75,392.0
2025-11-04 19:01:02.110685,25504.25,25504.25,25495.0,25498.0,1663.0
2025-11-04 19:02:00.567997,25498.25,25499.0,25488.75,25497.0,1270.0
2025-11-04 19:03:00.637474,25495.75,25496.5,25482.5,25485.75,916.0
2025-11-04 19:04:00.828550,25486.0,25489.5,25474.5,25476.0,1403.0
2025-11-04 19:05:00.511844,25476.0,25480.75,25466.0,25470.5,1947.0
2025-11-04 19:06:00.971290,25469.75,25482.5,25469.0,25475.75,1427.0
2025-11-04 19:07:00.903957,25476.5,25480.75,25456.0,25458.25,1804.0
2025-11-04 19:08:00.692142,25458.25,25466.25,25456.75,25460.25,908.0
2025-11-04 19:09:00.536860,25460.25,25472.0,25456.25,25467.25,1238.0
2025-11-04 19:10:00.821488,25467.0,25478.0,25465.5,25474.75,1025.0
2025-11-04 19:11:00.664942,25475.0,25482.25,25469.25,25469.25,1155.0
2025-11-04 19:12:00.849183,25469.25,25476.75,25467.75,25475.25,643.0
2025-11-04 19:13:00.663550,25475.75,25478.0,25469.5,25476.25,530.0
2025-11-04 19:14:00.764045,25477.0,25480.75,25472.25,25476.25,703.0
2025-11-04 19:15:00.725486,25476.25,25492.0,25475.75,25491.75,832.0
2025-11-04 19:16:00.886311,25491.5,25497.5,25484.0,25489.5,1461.0
2025-11-04 19:17:00.766119,25490.5,25496.0,25479.0,25480.0,983.0
2025-11-04 19:18:00.564682,25480.0,25484.25,25472.0,25480.0,911.0
2025-11-04 19:19:00.820889,25480.0,25491.5,25477.25,25488.0,782.0
2025-11-04 19:26:00.659042,25475.0,25476.5,25461.5,25461.5,1081.0
2025-11-04 19:27:00.851066,25462.0,25463.0,25453.0,25462.75,1402.0
2025-11-04 19:28:00.574450,25462.5,25462.75,25454.5,25456.75,587.0
2025-11-04 19:29:01.762772,25456.25,25457.75,25451.0,25453.0,827.0
2025-11-04 19:30:00.712482,25452.75,25457.5,25451.75,25452.5,725.0
2025-11-04 19:31:00.936305,25452.5,25455.25,25445.75,25446.5,1295.0
2025-11-04 19:32:00.516166,25446.5,25447.75,25431.75,25441.0,2182.0
2025-11-04 19:33:00.507100,25440.75,25445.25,25430.25,25437.0,1294.0
2025-11-04 19:34:00.534348,25436.25,25436.75,25428.25,25430.5,1569.0
2025-11-04 19:35:01.000712,25431.0,25437.25,25430.5,25434.25,689.0
2025-11-04 19:36:00.484055,25433.25,25444.0,25432.5,25440.75,1028.0
2025-11-04 19:37:00.483136,25440.75,25441.0,25430.75,25432.25,739.0
2025-11-04 19:38:00.527191,25432.25,25436.5,25425.0,25436.5,1323.0
2025-11-04 19:39:00.604973,25436.5,25439.0,25429.5,25430.25,696.0
2025-11-04 19:40:00.678663,25430.25,25432.25,25423.5,25425.75,911.0
2025-11-04 19:41:00.561144,25426.0,25426.5,25417.75,25418.0,1560.0
2025-11-04 19:42:00.723971,25418.25,25427.75,25414.0,25419.25,1627.0
2025-11-04 19:43:00.574047,25418.5,25424.25,25418.0,25423.75,755.0
2025-11-04 19:44:00.605059,25423.75,25426.0,25415.0,25416.0,780.0
2025-11-04 19:45:00.590477,25415.25,25422.0,25414.75,25418.25,520.0
2025-11-04 19:46:00.574999,25417.75,25420.5,25412.0,25416.0,837.0
2025-11-04 19:47:00.591185,25415.5,25424.5,25415.0,25418.25,862.0
2025-11-04 19:48:00.726292,25418.25,25423.5,25410.75,25413.75,937.0
2025-11-04 19:49:00.504608,25413.0,25420.25,25411.75,25414.75,639.0
2025-11-04 19:50:00.696105,25414.25,25419.5,25413.75,25416.25,638.0
2025-11-04 19:51:00.525495,25416.0,25421.75,25408.5,25420.0,1339.0
2025-11-04 19:52:01.011493,25420.25,25424.0,25414.75,25423.25,933.0
2025-11-04 19:53:00.736670,25422.5,25422.75,25408.5,25409.0,884.0
2025-11-04 19:54:00.490042,25409.0,25415.25,25408.5,25413.75,585.0
2025-11-04 19:55:00.487026,25414.0,25422.0,25411.5,25422.0,672.0
2025-11-04 19:56:00.528170,25421.5,25424.75,25409.75,25415.75,974.0
2025-11-04 19:57:00.748156,25414.75,25417.0,25411.25,25411.5,445.0
2025-11-04 19:58:00.505389,25411.75,25418.75,25411.5,25413.0,496.0
2025-11-04 19:59:00.459965,25413.25,25417.5,25411.25,25412.5,352.0
2025-11-04 20:00:00.542245,25412.0,25413.5,25407.5,25410.0,856.0
2025-11-04 20:01:01.028634,25409.5,25411.25,25395.75,25396.75,3078.0
2025-11-04 20:02:00.686712,25396.25,25397.75,25382.0,25384.75,2525.0
2025-11-04 20:03:00.806806,25384.5,25392.75,25383.25,25390.5,1412.0
2025-11-04 20:04:00.507965,25390.5,25390.5,25381.0,25382.75,1009.0
2025-11-04 20:05:00.970122,25383.25,25388.75,25379.5,25381.5,1237.0
2025-11-04 20:06:00.594639,25381.0,25382.75,25359.0,25364.25,2995.0
2025-11-04 20:07:00.554452,25364.25,25374.0,25362.75,25365.0,1913.0
2025-11-04 20:08:00.516568,25365.0,25366.5,25353.5,25355.75,1986.0
2025-11-04 20:09:00.576815,25355.75,25363.25,25353.5,25357.75,1492.0
2025-11-04 20:10:00.520717,25358.5,25363.25,25353.25,25362.0,1010.0
2025-11-04 20:11:00.528321,25363.0,25373.5,25357.5,25372.5,1850.0
2025-11-04 20:12:01.237793,25372.25,25376.0,25366.5,25373.25,1628.0
2025-11-04 20:13:00.516060,25373.75,25385.75,25371.75,25373.25,2933.0
2025-11-04 20:14:00.611288,25374.25,25390.25,25373.0,25388.25,2163.0
2025-11-04 20:15:00.779795,25388.25,25391.75,25382.75,25384.5,1352.0
2025-11-04 20:16:00.539477,25384.5,25385.25,25361.75,25367.25,1665.0
2025-11-04 20:17:00.541456,25368.25,25368.5,25350.25,25351.0,1731.0
2025-11-04 20:18:00.503613,25351.75,25356.5,25342.25,25346.75,2546.0
2025-11-04 20:19:00.484584,25346.5,25361.5,25346.5,25356.5,1616.0
2025-11-04 20:20:00.851942,25356.75,25357.5,25346.75,25349.25,731.0
2025-11-04 20:21:00.590661,25348.5,25352.75,25343.5,25348.0,1009.0
2025-11-04 20:22:00.561301,25349.0,25352.0,25338.25,25339.75,1473.0
2025-11-04 20:23:00.547867,25339.5,25347.25,25335.0,25342.5,1792.0
2025-11-04 20:24:01.053874,25342.25,25342.75,25328.25,25331.0,1866.0
2025-11-04 20:25:00.691018,25330.75,25335.25,25327.5,25332.75,1241.0
2025-11-04 20:26:01.276237,25332.0,25334.0,25318.75,25325.25,1887.0
2025-11-04 20:27:00.433987,25324.75,25325.75,25317.25,25320.75,1694.0
2025-11-04 20:28:00.617568,25321.0,25343.25,25320.25,25329.0,2550.0
2025-11-04 20:29:00.539518,25330.0,25338.25,25328.5,25333.75,1086.0
2025-11-04 20:30:00.882407,25333.5,25335.25,25316.75,25318.5,1766.0
2025-11-04 20:31:00.944438,25318.5,25331.5,25315.0,25323.0,1938.0
2025-11-04 20:32:00.474630,25321.75,25321.75,25296.0,25299.0,3809.0
2025-11-04 20:33:00.472411,25299.5,25313.0,25294.0,25308.0,1951.0
2025-11-04 20:34:00.598287,25308.0,25309.0,25291.5,25304.25,2002.0
2025-11-04 20:35:00.592875,25305.25,25315.0,25298.75,25312.75,1879.0
2025-11-04 20:36:00.454652,25313.0,25324.5,25306.25,25316.75,1787.0
2025-11-04 20:37:00.558446,25317.0,25329.0,25316.75,25321.75,1586.0
2025-11-04 20:38:00.728505,25322.0,25328.0,25317.25,25321.25,1120.0
2025-11-04 20:39:00.482247,25320.25,25323.5,25293.0,25294.25,2250.0
2025-11-04 20:40:00.597448,25294.25,25299.25,25282.75,25286.0,2685.0
2025-11-04 20:41:00.634478,25285.5,25303.5,25283.75,25302.75,2109.0
2025-11-04 20:42:00.450364,25302.75,25313.25,25298.25,25313.0,1857.0
2025-11-04 20:43:01.044599,25313.5,25316.25,25296.5,25306.75,1828.0
2025-11-04 20:44:00.517352,25308.75,25320.75,25307.0,25318.0,1550.0
2025-11-04 20:45:00.680368,25317.75,25318.5,25293.75,25295.25,1389.0
2025-11-04 20:46:00.432641,25295.75,25308.75,25292.0,25307.25,1531.0
2025-11-04 20:47:00.700346,25307.0,25326.75,25301.0,25323.5,1753.0
2025-11-04 20:48:00.448709,25323.5,25331.75,25320.0,25323.0,1372.0
2025-11-04 20:49:00.486291,25322.75,25323.5,25307.5,25317.0,1336.0
2025-11-04 20:50:00.819787,25316.5,25329.75,25310.25,25328.0,852.0
2025-11-04 20:51:00.485998,25327.5,25327.5,25304.25,25305.0,1374.0
2025-11-04 20:52:00.545118,25305.0,25313.25,25303.75,25307.5,991.0
2025-11-04 20:53:00.577352,25306.5,25334.75,25306.5,25331.75,1548.0
2025-11-04 20:54:00.423129,25332.25,25340.25,25331.0,25340.25,1926.0
2025-11-04 20:55:00.907509,25340.0,25341.5,25327.0,25338.25,1520.0
2025-11-04 20:56:00.678036,25338.25,25341.5,25329.0,25331.0,1054.0
2025-11-04 20:57:00.843291,25330.0,25348.5,25329.0,25346.75,1976.0
2025-11-04 20:58:00.525299,25346.75,25356.0,25339.5,25343.5,2132.0
2025-11-04 20:59:00.622887,25344.0,25344.25,25329.75,25337.0,1390.0
2025-11-04 21:00:00.863139,25337.75,25340.75,25331.75,25338.25,605.0
2025-11-04 21:01:00.733212,25338.0,25353.75,25332.25,25334.25,1464.0
2025-11-04 21:02:00.488425,25335.0,25337.25,25322.25,25325.75,1691.0
2025-11-04 21:03:00.962411,25325.5,25331.0,25313.25,25316.5,1189.0
2025-11-04 21:04:00.541384,25316.5,25337.0,25315.25,25335.5,1313.0
2025-11-04 21:05:00.510455,25335.5,25347.5,25332.25,25333.75,1490.0
2025-11-04 21:06:00.673018,25333.75,25348.0,25333.75,25345.5,880.0
2025-11-04 21:07:00.479604,25344.75,25351.75,25339.0,25346.5,1275.0
2025-11-04 21:08:00.514728,25346.0,25354.25,25345.25,25350.0,1011.0
2025-11-04 21:09:00.560574,25351.0,25359.5,25351.0,25356.0,1301.0
2025-11-04 21:10:00.830073,25356.75,25362.75,25344.5,25345.75,1839.0
2025-11-04 21:11:01.334613,25345.75,25352.5,25335.75,25341.75,1302.0
2025-11-04 21:12:00.632884,25342.5,25348.0,25333.5,25333.5,908.0
2025-11-04 21:13:00.418847,25333.25,25341.5,25325.0,25325.25,1201.0
2025-11-04 21:14:00.715553,25325.0,25336.0,25322.0,25334.25,1184.0
2025-11-04 21:15:02.827374,25334.5,25338.25,25330.75,25334.0,672.0
2025-11-04 21:16:00.782694,25334.75,25335.75,25307.75,25309.25,1974.0
2025-11-04 21:17:00.673395,25310.0,25322.75,25310.0,25314.5,1267.0
2025-11-04 21:18:00.536997,25314.5,25324.5,25311.25,25318.25,887.0
2025-11-04 21:19:00.507222,25318.5,25321.25,25311.5,25315.25,836.0
2025-11-04 21:20:00.647592,25315.0,25318.0,25308.75,25316.25,709.0
2025-11-04 21:21:00.684513,25316.0,25337.0,25315.5,25333.75,1204.0
2025-11-04 21:22:00.546263,25334.0,25335.25,25328.25,25332.75,780.0
2025-11-04 21:23:00.644396,25332.75,25333.0,25308.25,25311.25,1390.0
2025-11-04 21:24:00.578045,25310.75,25316.5,25299.0,25301.25,1818.0
2025-11-04 21:25:00.522959,25301.5,25321.75,25300.75,25320.5,1323.0
2025-11-04 21:26:00.961703,25321.0,25323.0,25312.5,25314.0,821.0
2025-11-04 21:27:00.479544,25314.75,25316.0,25304.5,25307.75,728.0
2025-11-04 21:28:00.774011,25308.5,25310.0,25300.25,25303.0,664.0
2025-11-04 21:29:00.451962,25302.5,25313.5,25299.0,25309.5,970.0
2025-11-04 21:30:00.563590,25308.75,25308.75,25296.25,25298.0,909.0
2025-11-04 21:31:00.820237,25297.75,25306.25,25296.5,25302.75,864.0
2025-11-04 21:32:00.576557,25304.25,25321.5,25302.0,25315.25,1252.0
2025-11-04 21:33:00.532079,25314.75,25319.75,25306.5,25313.75,721.0
2025-11-04 21:34:00.534181,25314.0,25321.5,25311.0,25319.5,489.0
2025-11-04 21:35:00.694985,25319.25,25323.5,25311.75,25322.0,712.0
2025-11-04 21:36:00.408958,25321.75,25332.0,25319.25,25331.5,1242.0
2025-11-04 21:37:00.423421,25331.5,25339.0,25328.5,25337.75,1017.0
2025-11-04 21:38:01.025903,25337.25,25354.25,25337.25,25354.25,1633.0
2025-11-04 21:39:00.596793,25354.5,25355.0,25345.0,25348.5,785.0
2025-11-04 21:40:00.543827,25348.5,25358.75,25347.75,25356.75,868.0
2025-11-04 21:41:01.182589,25356.5,25360.5,25349.0,25349.5,919.0
2025-11-04 21:42:00.575413,25349.0,25350.25,25338.75,25342.0,1288.0
2025-11-04 21:43:00.880026,25342.75,25352.25,25342.5,25350.75,599.0
2025-11-04 21:44:01.139611,25351.0,25359.5,25350.25,25357.0,774.0
2025-11-04 21:45:00.586018,25355.75,25370.0,25352.75,25368.75,1219.0
2025-11-04 21:46:00.569224,25368.0,25391.25,25366.5,25388.75,3589.0
2025-11-04 21:47:00.464319,25388.75,25408.25,25387.0,25406.75,2829.0
2025-11-04 21:48:00.529098,25406.75,25417.0,25405.75,25415.75,2617.0
2025-11-04 21:49:00.411987,25416.25,25419.75,25406.0,25406.75,1750.0
2025-11-04 21:50:00.490433,25406.75,25412.0,25389.25,25394.0,1748.0
2025-11-04 21:51:00.505877,25394.25,25409.25,25390.5,25405.0,1604.0
2025-11-04 21:52:00.583607,25405.0,25415.0,25404.25,25414.25,1324.0
2025-11-04 21:53:00.616832,25413.0,25415.25,25403.75,25405.5,940.0
2025-11-04 21:54:00.524352,25406.5,25415.0,25404.0,25411.5,708.0
2025-11-04 21:55:00.785536,25411.25,25419.25,25408.25,25409.25,892.0
2025-11-04 21:56:00.565638,25409.5,25416.25,25404.0,25413.75,906.0
2025-11-04 21:57:00.559225,25414.25,25424.25,25409.75,25412.75,1202.0
2025-11-04 21:58:00.712361,25412.75,25417.5,25406.5,25413.75,782.0
2025-11-04 21:59:00.748457,25413.25,25413.5,25407.75,25410.5,481.0
2025-11-04 22:00:01.214765,25410.75,25415.25,25408.25,25414.0,373.0
2025-11-04 22:01:01.160946,25415.25,25424.75,25415.25,25419.25,1323.0
2025-11-04 22:02:00.598609,25419.25,25429.0,25416.75,25428.5,1055.0
2025-11-04 22:03:00.472919,25428.25,25432.0,25424.5,25429.75,1113.0
2025-11-04 22:04:00.640275,25429.0,25447.25,25428.25,25445.5,2103.0
2025-11-04 22:05:00.576682,25445.25,25458.75,25443.25,25456.0,1936.0
2025-11-04 22:06:00.566043,25455.25,25468.5,25450.0,25453.75,1993.0
2025-11-04 22:07:00.905072,25454.0,25458.5,25446.25,25451.0,1218.0
2025-11-04 22:08:00.610529,25451.25,25453.75,25440.75,25442.75,1000.0
2025-11-04 22:09:01.279891,25442.0,25443.5,25436.75,25439.0,977.0
2025-11-04 22:10:01.138334,25439.25,25451.75,25438.75,25450.0,936.0
2025-11-04 22:11:00.574282,25450.0,25450.75,25443.25,25448.5,785.0
2025-11-04 22:12:00.534331,25448.75,25451.75,25444.0,25444.0,614.0
2025-11-04 22:13:00.746682,25444.25,25457.75,25443.25,25454.75,607.0
2025-11-04 22:14:00.623450,25455.0,25462.5,25452.75,25461.0,884.0
2025-11-04 22:15:00.526365,25462.0,25468.5,25457.75,25466.25,731.0
2025-11-04 22:16:00.600312,25465.75,25466.25,25454.5,25459.75,806.0
2025-11-04 22:17:00.842269,25459.25,25464.25,25453.0,25453.25,680.0
2025-11-04 22:18:00.555596,25454.0,25454.25,25444.0,25448.25,1069.0
2025-11-04 22:19:00.604636,25447.5,25450.5,25440.0,25441.0,813.0
2025-11-04 22:20:00.649505,25442.0,25449.75,25436.25,25438.5,941.0
2025-11-04 22:21:01.237278,25439.0,25441.25,25431.5,25432.5,890.0
2025-11-04 22:22:00.712974,25433.5,25447.0,25433.5,25446.25,788.0
2025-11-04 22:23:00.898878,25446.5,25447.0,25439.75,25444.5,439.0
2025-11-04 22:24:00.542539,25444.75,25446.75,25439.25,25441.25,369.0
2025-11-04 22:25:00.530345,25442.5,25449.5,25442.0,25447.5,498.0
2025-11-04 22:26:00.612137,25447.25,25452.0,25443.5,25450.25,618.0
2025-11-04 22:27:00.511980,25449.5,25452.75,25447.5,25448.5,445.0
2025-11-04 22:28:00.544136,25449.0,25459.75,25449.0,25457.25,755.0
2025-11-04 22:29:00.552400,25457.25,25471.75,25457.25,25469.25,1091.0
2025-11-04 22:30:00.529080,25469.0,25472.0,25462.25,25466.0,1012.0
2025-11-04 22:31:00.662423,25465.75,25467.75,25451.0,25452.5,1016.0
2025-11-04 22:32:00.541994,25452.25,25459.5,25449.25,25458.75,589.0
2025-11-04 22:33:00.696186,25459.0,25475.5,25458.75,25472.5,1277.0
2025-11-04 22:34:00.737457,25472.0,25478.0,25469.75,25471.25,1097.0
2025-11-04 22:35:00.548236,25470.75,25480.5,25468.0,25478.0,992.0
2025-11-04 22:36:00.754159,25478.5,25480.25,25470.5,25474.25,721.0
2025-11-04 22:37:01.132000,25473.5,25480.5,25470.75,25477.0,621.0
2025-11-04 22:38:00.695668,25476.0,25476.25,25463.25,25471.75,830.0
2025-11-04 22:39:01.083315,25470.75,25471.5,25458.25,25462.5,823.0
2025-11-04 22:40:00.879059,25463.25,25475.25,25463.0,25471.25,743.0
2025-11-04 22:41:00.877494,25471.25,25484.75,25471.25,25483.5,889.0
2025-11-04 22:42:00.778807,25483.0,25487.0,25477.5,25485.5,799.0
2025-11-04 22:43:00.779148,25485.5,25486.0,25473.0,25473.25,777.0
2025-11-04 22:44:00.702710,25474.5,25484.0,25474.5,25479.25,439.0
2025-11-04 22:45:00.770106,25479.0,25489.25,25475.0,25488.75,838.0
2025-11-04 22:46:00.892098,25488.25,25503.25,25487.0,25500.75,2837.0
2025-11-04 22:47:00.901609,25501.0,25518.5,25500.25,25512.0,2342.0
2025-11-04 22:48:00.569374,25512.5,25513.75,25497.25,25504.75,1566.0
2025-11-04 22:49:00.974776,25504.75,25514.0,25502.25,25504.0,955.0
2025-11-04 22:50:00.592050,25504.75,25509.25,25500.75,25502.75,579.0
2025-11-04 22:51:00.781505,25501.75,25504.0,25489.25,25503.5,1811.0
2025-11-04 22:52:00.695291,25505.0,25516.0,25504.75,25512.5,1268.0
2025-11-04 22:53:01.020074,25512.25,25514.5,25501.25,25503.0,711.0
2025-11-04 22:54:01.552683,25503.75,25509.25,25500.0,25504.0,639.0
2025-11-04 22:55:00.822330,25504.25,25507.0,25495.75,25500.25,644.0
2025-11-04 22:56:01.965044,25501.5,25502.5,25496.0,25497.75,501.0
2025-11-04 22:57:00.933677,25498.25,25500.5,25491.0,25495.25,773.0
2025-11-04 22:58:00.749023,25495.75,25510.0,25495.0,25508.0,951.0
2025-11-04 22:59:00.983202,25508.25,25510.0,25503.0,25508.0,546.0
2025-11-04 23:00:04.193346,25507.25,25516.5,25505.5,25515.75,711.0
2025-11-04 23:01:01.424617,25516.0,25517.25,25509.25,25511.75,1206.0
2025-11-04 23:02:01.019674,25511.25,25515.5,25504.25,25509.25,614.0
2025-11-04 23:03:00.618276,25509.0,25509.0,25500.25,25501.25,667.0
2025-11-04 23:04:00.772508,25501.25,25506.25,25496.0,25502.75,737.0
2025-11-04 23:05:02.321682,25503.25,25505.0,25499.0,25503.0,331.0
2025-11-04 23:06:00.968692,25501.5,25501.75,25492.25,25495.0,631.0
2025-11-04 23:07:00.666955,25494.25,25494.25,25485.0,25485.5,1307.0
2025-11-04 23:08:00.621654,25485.75,25487.0,25476.25,25479.5,1278.0
2025-11-04 23:09:00.622341,25479.25,25481.25,25470.5,25475.25,1197.0
2025-11-04 23:10:00.581876,25474.5,25475.25,25467.25,25468.0,877.0
2025-11-04 23:11:00.650162,25467.25,25481.5,25458.5,25480.0,2117.0
2025-11-04 23:12:00.590315,25480.25,25481.5,25474.0,25475.0,656.0
2025-11-04 23:13:00.640661,25475.75,25485.75,25474.75,25480.25,816.0
2025-11-04 23:14:00.662143,25481.0,25481.5,25474.5,25478.75,598.0
2025-11-04 23:15:00.688297,25478.75,25481.75,25470.0,25472.75,862.0
2025-11-04 23:16:00.665830,25473.25,25474.25,25464.5,25465.0,820.0
2025-11-04 23:17:00.566702,25465.25,25478.25,25464.75,25477.25,595.0
2025-11-04 23:18:00.626349,25478.0,25478.5,25468.5,25469.5,354.0
2025-11-04 23:19:00.618012,25469.5,25469.75,25455.25,25460.0,944.0
2025-11-04 23:20:00.742003,25460.0,25464.5,25458.0,25461.5,701.0
2025-11-04 23:21:00.642971,25461.75,25470.75,25460.25,25465.0,673.0
2025-11-04 23:22:00.797898,25466.0,25473.75,25463.0,25465.0,501.0
2025-11-04 23:23:00.775246,25464.75,25477.25,25463.5,25476.75,535.0
2025-11-04 23:24:00.565765,25477.25,25478.0,25468.75,25470.0,366.0
2025-11-04 23:25:00.635546,25470.75,25475.5,25468.25,25474.75,321.0
2025-11-04 23:26:00.567138,25475.5,25483.75,25475.25,25476.0,885.0
2025-11-04 23:27:00.556188,25476.5,25482.0,25470.0,25470.25,517.0
2025-11-04 23:28:00.804618,25471.0,25477.0,25466.75,25474.75,476.0
2025-11-04 23:29:00.617478,25474.5,25477.5,25472.5,25473.0,243.0
2025-11-04 23:30:02.842596,25473.5,25480.25,25473.5,25478.25,301.0
2025-11-04 23:31:01.044765,25478.5,25481.75,25477.5,25479.5,289.0
2025-11-04 23:32:00.790041,25480.5,25490.25,25479.5,25488.75,937.0
2025-11-04 23:33:00.963447,25489.0,25491.75,25479.75,25480.5,699.0
2025-11-04 23:34:00.565274,25481.75,25482.25,25468.0,25469.75,674.0
2025-11-04 23:35:00.727434,25469.0,25475.5,25467.5,25472.25,364.0
2025-11-04 23:36:00.883484,25472.25,25484.0,25468.75,25482.0,482.0
2025-11-04 23:37:01.381797,25482.25,25487.75,25481.25,25486.5,499.0
2025-11-04 23:38:00.643971,25486.5,25488.0,25477.75,25481.75,471.0
2025-11-04 23:39:00.642029,25482.5,25488.0,25475.25,25477.5,524.0
2025-11-04 23:40:02.427919,25478.0,25483.0,25477.25,25480.75,339.0
2025-11-04 23:41:01.091726,25481.5,25486.25,25480.25,25483.25,249.0
2025-11-04 23:42:00.650503,25483.5,25491.5,25482.75,25489.0,432.0
2025-11-04 23:43:00.822908,25489.75,25493.25,25486.0,25489.5,426.0
2025-11-04 23:44:00.768992,25490.0,25490.25,25485.0,25489.25,351.0
2025-11-04 23:45:04.099330,25490.25,25491.75,25486.75,25488.0,221.0
2025-11-04 23:46:01.197921,25488.75,25489.75,25483.25,25483.75,296.0
2025-11-04 23:47:00.689782,25483.5,25486.0,25480.75,25481.0,238.0
2025-11-04 23:48:00.829074,25480.5,25480.5,25471.25,25472.0,731.0
2025-11-04 23:49:01.926623,25472.25,25479.25,25472.0,25477.25,353.0
2025-11-04 23:50:00.777743,25477.0,25480.25,25475.5,25478.25,197.0
2025-11-04 23:51:00.825179,25477.75,25483.0,25476.5,25482.5,257.0
2025-11-04 23:52:01.128957,25482.5,25484.75,25476.0,25477.25,231.0
2025-11-04 23:53:00.689900,25477.0,25479.0,25468.25,25468.25,463.0
2025-11-04 23:54:00.752946,25468.25,25471.75,25464.5,25465.0,521.0
2025-11-04 23:55:00.825624,25464.75,25464.75,25450.5,25452.75,1364.0
2025-11-04 23:56:00.617427,25453.75,25466.5,25443.75,25446.0,1447.0
2025-11-04 23:57:00.667303,25447.25,25458.75,25446.0,25458.25,823.0
2025-11-04 23:58:00.702531,25458.5,25459.75,25451.0,25459.0,565.0
2025-11-04 23:59:00.863871,25459.0,25463.0,25456.75,25462.25,463.0
2025-11-05 00:00:02.506635,25461.75,25467.75,25460.0,25465.25,495.0
2025-11-05 00:01:02.092146,25465.5,25470.25,25462.75,25468.25,733.0
2025-11-05 00:02:00.948799,25467.5,25470.0,25462.0,25469.75,389.0
2025-11-05 00:03:00.850848,25469.0,25482.75,25468.5,25479.25,970.0
2025-11-05 00:04:00.834455,25479.25,25481.25,25473.25,25475.0,343.0
2025-11-05 00:05:01.629019,25474.75,25476.5,25469.0,25473.75,432.0
2025-11-05 00:06:01.316277,25474.0,25476.0,25471.0,25473.5,354.0
2025-11-05 00:07:00.789816,25472.75,25479.25,25465.0,25478.0,509.0
2025-11-05 00:08:00.688218,25477.5,25486.0,25476.5,25484.75,593.0
2025-11-05 00:09:00.700972,25485.0,25502.25,25484.25,25498.0,1422.0
2025-11-05 00:10:00.673401,25497.75,25506.5,25493.0,25502.75,1042.0
2025-11-05 00:11:02.716207,25502.0,25515.5,25501.25,25507.25,1160.0
2025-11-05 00:12:00.819484,25507.5,25513.75,25506.0,25513.0,512.0
2025-11-05 00:13:00.620850,25513.25,25524.25,25513.0,25520.5,1152.0
2025-11-05 00:14:00.998896,25520.5,25527.25,25519.0,25526.5,829.0
2025-11-05 00:15:00.764718,25526.25,25528.25,25523.0,25524.75,716.0
2025-11-05 00:16:00.858691,25525.0,25527.25,25518.0,25524.0,549.0
2025-11-05 00:17:01.360561,25523.5,25529.75,25514.0,25519.25,785.0
2025-11-05 00:18:00.883958,25520.0,25524.0,25517.0,25517.25,448.0
2025-11-05 00:19:00.840003,25516.75,25526.5,25514.75,25526.5,525.0
2025-11-05 00:20:01.067949,25526.0,25528.5,25517.75,25527.25,544.0
2025-11-05 00:21:00.649753,25525.75,25533.0,25524.5,25532.0,861.0
2025-11-05 00:22:00.603955,25531.5,25531.5,25521.0,25526.0,482.0
2025-11-05 00:23:02.082038,25525.5,25531.5,25521.25,25521.25,343.0
2025-11-05 00:24:00.643924,25521.75,25527.5,25518.75,25524.25,322.0
2025-11-05 00:25:00.652034,25524.0,25527.25,25518.75,25526.0,224.0
2025-11-05 00:26:00.678109,25525.75,25525.75,25509.0,25509.25,714.0
2025-11-05 00:27:01.155971,25509.25,25510.5,25505.25,25510.0,582.0
2025-11-05 00:28:01.076269,25510.5,25516.25,25508.0,25515.0,386.0
2025-11-05 00:29:00.800710,25515.25,25522.0,25514.0,25518.75,415.0
2025-11-05 00:30:01.073068,25519.25,25525.0,25518.75,25522.5,392.0
2025-11-05 00:31:00.646553,25523.5,25529.75,25522.5,25528.75,569.0
2025-11-05 00:32:00.645257,25528.75,25536.0,25526.75,25532.75,848.0
2025-11-05 00:33:00.749995,25532.5,25532.75,25517.5,25519.0,696.0
2025-11-05 00:34:00.656262,25518.75,25529.25,25517.75,25523.75,524.0
2025-11-05 00:35:00.629219,25523.0,25529.75,25521.25,25528.75,275.0
2025-11-05 00:36:00.745816,25528.75,25531.25,25522.5,25523.0,432.0
2025-11-05 00:37:00.772438,25522.5,25522.5,25515.75,25517.0,551.0
2025-11-05 00:38:02.789012,25517.0,25521.5,25516.0,25518.75,273.0
2025-11-05 00:39:00.613123,25519.5,25523.0,25517.5,25520.0,277.0
2025-11-05 00:40:00.650884,25520.0,25523.0,25517.75,25518.0,271.0
2025-11-05 00:41:01.597843,25517.5,25518.5,25512.5,25514.25,435.0
2025-11-05 00:42:00.789545,25515.0,25516.25,25511.5,25513.5,265.0
2025-11-05 00:43:00.788470,25513.5,25513.5,25503.0,25506.0,771.0
2025-11-05 00:44:01.572688,25506.0,25509.75,25503.75,25505.0,592.0
2025-11-05 00:45:01.359121,25505.75,25507.0,25497.25,25499.5,561.0
2025-11-05 00:46:01.062733,25499.5,25499.75,25486.0,25486.0,669.0
2025-11-05 00:47:01.031655,25486.75,25491.25,25481.0,25481.25,801.0
2025-11-05 00:48:00.654936,25482.5,25488.5,25478.75,25484.25,618.0
2025-11-05 00:49:00.613156,25485.5,25486.0,25476.0,25478.25,702.0
2025-11-05 00:50:00.890530,25478.25,25480.25,25469.5,25472.0,807.0
2025-11-05 00:51:00.963277,25472.75,25477.25,25472.0,25476.25,570.0
2025-11-05 00:52:00.829795,25476.25,25476.25,25466.0,25468.25,432.0
2025-11-05 00:53:00.638332,25468.0,25471.0,25463.25,25468.5,827.0
2025-11-05 00:54:00.684006,25468.5,25480.75,25466.75,25476.75,725.0
2025-11-05 00:55:00.771763,25477.25,25477.5,25467.0,25469.25,448.0
2025-11-05 00:56:01.564726,25468.75,25473.0,25467.75,25467.75,185.0
2025-11-05 00:57:00.812574,25467.75,25484.75,25467.75,25482.75,630.0
2025-11-05 00:58:01.160174,25482.75,25483.5,25477.5,25480.0,378.0
2025-11-05 00:59:00.682560,25479.5,25482.25,25478.25,25480.75,207.0
2025-11-05 01:00:02.427134,25480.0,25484.5,25478.25,25481.75,265.0
2025-11-05 01:01:01.408248,25481.25,25482.5,25456.5,25461.0,1563.0
2025-11-05 01:02:00.765391,25460.5,25464.5,25455.75,25461.0,648.0
2025-11-05 01:03:00.751016,25461.25,25478.75,25461.0,25470.75,715.0
2025-11-05 01:04:02.017071,25470.75,25479.0,25470.0,25476.0,503.0
2025-11-05 01:05:00.913641,25473.0,25481.75,25468.5,25475.0,692.0
2025-11-05 01:06:00.792339,25475.5,25484.5,25474.25,25478.75,588.0
2025-11-05 01:07:01.065211,25478.75,25480.25,25467.0,25476.0,588.0
2025-11-05 01:08:00.978390,25476.5,25486.25,25476.5,25479.5,569.0
2025-11-05 01:09:00.817999,25481.25,25486.5,25476.0,25485.5,390.0
2025-11-05 01:10:00.745125,25486.25,25501.0,25485.75,25498.0,1201.0
2025-11-05 01:11:00.581857,25497.25,25504.5,25494.75,25502.5,631.0
2025-11-05 01:12:02.122078,25501.75,25505.25,25500.5,25502.5,492.0
2025-11-05 01:13:00.680539,25502.25,25510.75,25498.75,25510.25,524.0
2025-11-05 01:14:00.660671,25509.75,25512.5,25504.25,25506.0,481.0
2025-11-05 01:15:00.656757,25506.0,25509.75,25502.0,25505.0,446.0
2025-11-05 01:16:00.662447,25505.0,25522.25,25505.0,25520.5,951.0
2025-11-05 01:17:00.696264,25520.0,25529.75,25518.25,25523.25,754.0
2025-11-05 01:18:00.686488,25523.25,25529.75,25520.5,25529.0,483.0
2025-11-05 01:19:00.817797,25528.75,25552.75,25528.5,25546.0,2189.0
2025-11-05 01:20:01.870615,25546.5,25553.25,25543.5,25552.25,1011.0
2025-11-05 01:21:01.082826,25552.75,25553.0,25541.5,25542.25,1014.0
2025-11-05 01:22:00.953296,25543.0,25543.0,25533.5,25537.25,769.0
2025-11-05 01:23:00.606973,25537.5,25541.0,25533.75,25534.0,476.0
2025-11-05 01:24:00.807515,25533.75,25533.75,25525.5,25529.25,818.0
2025-11-05 01:25:00.673323,25529.5,25542.0,25528.75,25538.25,770.0
2025-11-05 01:26:00.771459,25537.0,25543.75,25532.5,25543.5,639.0
2025-11-05 01:27:01.191887,25543.0,25543.5,25528.75,25529.25,466.0
2025-11-05 01:28:00.623806,25529.0,25532.75,25527.25,25531.0,522.0
2025-11-05 01:29:00.747106,25531.5,25536.5,25530.0,25534.75,271.0
2025-11-05 01:30:00.772147,25534.5,25542.25,25532.5,25539.5,307.0
2025-11-05 01:31:00.668644,25539.25,25539.25,25528.0,25528.75,551.0
2025-11-05 01:32:01.011407,25528.0,25529.5,25519.5,25524.5,678.0
2025-11-05 01:33:00.679991,25525.0,25541.5,25525.0,25539.5,587.0
2025-11-05 01:34:00.605156,25538.75,25550.25,25536.25,25542.0,937.0
2025-11-05 01:35:00.781387,25541.75,25545.25,25536.75,25536.75,340.0
2025-11-05 01:36:01.138759,25537.25,25543.0,25531.75,25533.25,375.0
2025-11-05 01:37:00.808110,25532.75,25537.5,25528.75,25534.0,497.0
2025-11-05 01:38:00.888968,25534.25,25535.5,25527.75,25531.75,336.0
2025-11-05 01:39:01.292852,25531.5,25533.5,25525.5,25528.25,396.0
2025-11-05 01:40:00.919257,25528.75,25534.75,25525.5,25533.5,267.0
2025-11-05 01:41:01.892616,25533.75,25543.5,25533.25,25543.0,468.0
2025-11-05 01:42:00.952559,25542.5,25544.25,25537.75,25539.75,283.0
2025-11-05 01:43:00.798320,25540.5,25543.75,25539.5,25541.75,149.0
2025-11-05 01:44:00.618738,25542.0,25546.5,25541.5,25546.5,154.0
2025-11-05 01:45:01.248258,25545.75,25545.75,25537.5,25538.25,220.0
2025-11-05 01:46:00.709436,25538.25,25539.0,25531.25,25534.75,475.0
2025-11-05 01:47:01.947264,25535.25,25540.0,25532.5,25537.25,372.0
2025-11-05 01:48:03.143950,25537.75,25539.0,25533.5,25534.25,168.0
2025-11-05 01:49:01.138283,25534.0,25538.25,25533.0,25537.25,181.0
2025-11-05 01:50:01.689679,25537.25,25537.5,25529.5,25532.75,432.0
2025-11-05 01:51:00.975970,25532.0,25534.75,25529.25,25532.5,289.0
2025-11-05 01:52:01.996969,25531.25,25532.75,25527.5,25532.75,227.0
2025-11-05 01:53:05.126282,25532.0,25536.5,25531.5,25535.25,321.0
2025-11-05 01:54:02.635016,25534.25,25535.0,25530.0,25530.0,193.0
2025-11-05 01:55:00.715827,25530.75,25532.75,25526.5,25527.75,295.0
2025-11-05 01:56:01.753816,25528.25,25531.25,25527.0,25528.25,406.0
2025-11-05 01:57:00.785191,25528.25,25529.75,25523.5,25527.75,439.0
2025-11-05 01:58:00.863159,25528.0,25534.0,25527.0,25531.0,299.0
2025-11-05 01:59:01.145540,25531.0,25533.75,25528.75,25531.0,167.0
2025-11-05 02:00:01.108261,25531.5,25535.0,25527.75,25528.75,335.0
2025-11-05 02:01:01.705547,25528.25,25535.5,25521.25,25523.0,633.0
2025-11-05 02:02:00.936951,25524.0,25528.0,25521.75,25523.0,371.0
2025-11-05 02:03:00.807919,25523.0,25529.0,25519.75,25528.5,392.0
2025-11-05 02:04:01.907052,25528.75,25530.0,25525.75,25529.0,242.0
2025-11-05 02:05:00.633781,25529.25,25529.25,25517.75,25518.5,322.0
2025-11-05 02:06:01.546520,25518.25,25519.75,25511.25,25513.5,811.0
2025-11-05 02:07:01.133133,25513.25,25515.75,25505.75,25509.5,583.0
2025-11-05 02:08:00.699930,25509.5,25514.0,25506.0,25506.0,430.0
2025-11-05 02:09:01.661436,25506.0,25510.0,25501.25,25507.25,493.0
2025-11-05 02:10:00.805578,25507.25,25509.0,25500.25,25507.25,416.0
2025-11-05 02:11:02.787996,25507.5,25508.75,25501.75,25505.25,489.0
2025-11-05 02:12:00.680959,25505.5,25507.0,25489.25,25489.5,872.0
2025-11-05 02:13:01.010791,25490.0,25500.5,25489.25,25499.5,678.0
2025-11-05 02:14:00.797747,25499.0,25499.75,25489.75,25491.0,355.0
2025-11-05 02:15:00.863925,25491.0,25494.25,25487.25,25488.25,502.0
2025-11-05 02:16:01.048235,25488.5,25493.25,25485.75,25491.0,476.0
2025-11-05 02:17:00.665892,25490.25,25493.0,25487.5,25488.5,297.0
2025-11-05 02:18:01.778515,25488.75,25489.5,25483.0,25485.5,390.0
2025-11-05 02:19:00.641629,25485.25,25488.5,25478.75,25480.0,584.0
2025-11-05 02:20:00.724313,25480.0,25482.0,25476.0,25478.0,354.0
2025-11-05 02:21:00.746574,25478.25,25489.0,25476.75,25482.0,780.0
2025-11-05 02:22:00.869101,25482.25,25483.25,25472.25,25477.0,585.0
2025-11-05 02:23:01.036336,25476.5,25477.0,25470.25,25474.25,353.0
2025-11-05 02:24:00.933652,25475.0,25481.5,25471.25,25481.25,357.0
2025-11-05 02:25:00.666123,25481.5,25487.75,25476.75,25486.5,550.0
2025-11-05 02:26:00.768503,25486.0,25492.0,25483.5,25491.25,730.0
2025-11-05 02:27:01.048902,25490.75,25493.75,25480.25,25482.25,597.0
2025-11-05 02:28:00.661196,25481.0,25492.0,25479.25,25492.0,515.0
2025-11-05 02:29:00.621330,25491.25,25495.75,25486.5,25486.5,608.0
2025-11-05 02:30:00.656076,25486.25,25497.25,25485.75,25495.75,519.0
2025-11-05 02:31:00.927629,25495.0,25503.5,25492.25,25501.25,754.0
2025-11-05 02:32:00.633342,25501.0,25501.25,25496.0,25497.25,467.0
2025-11-05 02:33:00.732588,25497.0,25499.75,25484.0,25485.0,584.0
2025-11-05 02:34:01.566321,25485.0,25493.5,25484.0,25491.5,456.0
2025-11-05 02:35:01.738445,25491.5,25495.75,25488.75,25495.0,475.0
2025-11-05 02:36:00.699492,25495.0,25495.75,25477.5,25481.0,629.0
2025-11-05 02:37:00.642596,25482.25,25485.25,25479.25,25483.25,366.0
2025-11-05 02:38:00.731939,25483.0,25498.75,25482.5,25498.0,599.0
2025-11-05 02:39:01.191034,25497.75,25502.25,25496.75,25498.25,420.0
2025-11-05 02:40:00.758603,25498.0,25498.25,25481.75,25482.5,614.0
2025-11-05 02:41:00.632829,25482.25,25493.5,25481.0,25487.5,412.0
2025-11-05 02:42:00.716770,25487.5,25496.0,25487.5,25495.5,284.0
2025-11-05 02:43:00.863506,25495.0,25497.0,25489.5,25496.25,304.0
2025-11-05 02:44:01.008280,25497.0,25499.75,25495.0,25497.0,334.0
2025-11-05 02:45:00.762057,25497.5,25497.75,25490.75,25496.25,262.0
2025-11-05 02:46:01.081724,25496.0,25497.25,25491.0,25491.0,111.0
2025-11-05 02:47:02.050919,25491.0,25492.25,25479.75,25479.75,524.0
2025-11-05 02:48:00.629367,25480.75,25487.75,25476.0,25486.25,472.0
2025-11-05 02:49:00.831445,25486.25,25489.25,25480.5,25483.0,300.0
2025-11-05 02:50:03.181533,25481.75,25484.0,25478.25,25479.5,206.0
2025-11-05 02:51:00.891236,25478.5,25484.0,25477.5,25484.0,294.0
2025-11-05 02:52:01.140631,25483.0,25484.75,25476.25,25476.75,346.0
2025-11-05 02:53:00.546095,25477.5,25485.25,25476.25,25482.75,283.0
2025-11-05 02:54:01.102691,25482.25,25494.0,25480.5,25494.0,506.0
2025-11-05 02:55:00.690363,25493.25,25503.25,25493.25,25501.5,498.0
2025-11-05 02:56:00.801145,25502.75,25504.5,25495.5,25496.25,414.0
2025-11-05 02:57:00.962678,25498.25,25501.25,25492.5,25492.5,368.0
2025-11-05 02:58:00.663772,25493.0,25497.0,25490.0,25490.5,247.0
2025-11-05 02:59:00.826075,25490.5,25492.0,25482.0,25483.0,436.0
2025-11-05 03:00:01.260887,25482.75,25485.75,25473.0,25474.75,659.0
2025-11-05 03:01:00.958168,25475.0,25476.75,25453.5,25465.5,3085.0
2025-11-05 03:02:00.649902,25466.75,25483.25,25465.5,25478.5,1251.0
2025-11-05 03:03:01.287962,25479.25,25484.25,25476.25,25477.0,626.0
2025-11-05 03:04:00.904910,25477.75,25478.25,25469.5,25472.75,699.0
2025-11-05 03:05:00.757205,25472.5,25476.75,25466.0,25469.5,461.0
2025-11-05 03:06:00.679553,25469.75,25493.25,25468.0,25490.75,1170.0
2025-11-05 03:07:00.729456,25491.0,25500.75,25490.0,25498.5,1146.0
2025-11-05 03:08:00.648588,25498.5,25509.0,25496.0,25505.25,1298.0
2025-11-05 03:09:01.168945,25506.0,25516.75,25505.75,25514.75,1129.0
2025-11-05 03:10:00.897769,25515.75,25523.0,25513.5,25521.5,796.0
2025-11-05 03:11:00.855963,25521.5,25524.0,25515.0,25516.25,919.0
2025-11-05 03:12:00.651178,25517.0,25522.0,25514.5,25519.5,458.0
2025-11-05 03:13:00.658094,25519.0,25530.0,25519.0,25525.75,744.0
2025-11-05 03:14:00.798962,25525.0,25530.5,25518.75,25523.0,685.0
2025-11-05 03:15:03.459232,25522.0,25528.5,25517.75,25521.75,732.0
2025-11-05 03:16:01.474743,25523.0,25525.75,25520.0,25522.25,360.0
2025-11-05 03:17:00.690338,25522.0,25523.5,25515.5,25516.75,620.0
2025-11-05 03:18:00.680306,25516.75,25516.75,25505.0,25511.75,805.0
2025-11-05 03:19:00.944873,25512.75,25518.75,25512.75,25517.25,412.0
2025-11-05 03:20:00.741390,25518.0,25518.5,25509.75,25512.5,417.0
2025-11-05 03:21:00.781208,25512.25,25516.0,25509.0,25510.5,361.0
2025-11-05 03:22:02.179906,25511.0,25513.0,25504.5,25507.0,463.0
2025-11-05 03:23:00.678296,25504.5,25506.0,25493.5,25498.5,891.0
2025-11-05 03:24:01.009458,25497.25,25497.75,25490.75,25497.75,793.0
2025-11-05 03:25:00.654643,25498.0,25513.0,25494.0,25512.5,867.0
2025-11-05 03:26:00.683422,25511.75,25518.5,25503.75,25504.5,700.0
2025-11-05 03:27:00.664490,25504.0,25513.25,25503.75,25512.25,535.0
2025-11-05 03:28:00.854251,25511.5,25519.25,25510.25,25516.5,518.0
2025-11-05 03:29:01.267009,25516.25,25523.5,25511.25,25513.0,776.0
2025-11-05 03:30:00.691875,25512.75,25520.5,25508.75,25519.25,555.0
2025-11-05 03:31:00.884105,25518.75,25525.25,25518.5,25524.0,439.0
2025-11-05 03:32:00.831491,25524.0,25524.25,25515.25,25522.0,312.0
2025-11-05 03:32:06.131881,25524.0,25524.25,25515.25,25522.0,312.0
2025-11-05 03:33:01.437575,25522.5,25532.25,25521.75,25530.25,612.0
2025-11-05 03:34:00.886245,25530.5,25533.75,25523.25,25526.25,562.0
2025-11-05 03:35:03.324380,25526.25,25530.75,25523.5,25530.5,263.0
2025-11-05 03:36:00.806060,25530.25,25533.75,25524.25,25528.25,396.0
2025-11-05 03:37:01.253204,25528.25,25528.75,25519.25,25519.25,414.0
2025-11-05 03:38:01.122345,25519.25,25527.25,25518.0,25527.0,479.0
2025-11-05 03:39:00.687181,25527.25,25528.75,25519.0,25519.0,324.0
2025-11-05 03:40:03.423026,25519.0,25525.5,25516.75,25520.5,375.0
2025-11-05 03:41:00.719903,25520.5,25525.75,25519.5,25523.75,413.0
2025-11-05 03:42:00.707065,25523.75,25524.5,25513.5,25521.25,619.0
2025-11-05 03:43:00.698522,25520.75,25530.75,25518.75,25529.75,592.0
2025-11-05 03:44:00.628109,25529.0,25533.25,25523.0,25526.75,599.0
2025-11-05 03:45:00.683298,25526.0,25529.5,25521.5,25528.25,299.0
2025-11-05 03:46:01.327106,25528.5,25535.0,25528.0,25531.75,480.0
2025-11-05 03:47:00.681629,25531.0,25531.25,25514.5,25516.0,663.0
2025-11-05 03:48:00.635434,25516.0,25517.25,25511.75,25516.5,397.0
2025-11-05 03:49:00.958840,25516.75,25520.5,25510.75,25512.0,448.0
2025-11-05 03:50:00.691532,25511.75,25525.25,25511.0,25524.5,300.0
2025-11-05 03:51:01.485759,25525.5,25537.0,25524.75,25534.75,609.0
2025-11-05 03:52:00.699889,25534.5,25538.0,25533.5,25537.5,439.0
2025-11-05 03:53:01.403556,25537.5,25537.75,25525.25,25525.5,548.0
2025-11-05 03:54:00.955649,25525.75,25531.0,25521.0,25522.25,351.0
2025-11-05 03:55:00.677882,25522.25,25530.5,25520.0,25529.25,289.0
2025-11-05 03:56:00.909066,25530.25,25531.5,25525.5,25530.0,289.0
2025-11-05 03:57:00.909720,25530.25,25533.5,25524.0,25524.0,252.0
2025-11-05 03:58:00.513518,25523.0,25524.75,25515.0,25517.0,406.0
2025-11-05 03:59:01.687332,25516.75,25523.0,25512.5,25523.0,445.0
2025-11-05 04:00:02.051172,25523.75,25527.0,25513.0,25513.0,531.0
2025-11-05 04:01:00.933861,25512.75,25520.0,25507.5,25518.0,1021.0
2025-11-05 04:02:00.886329,25518.25,25521.25,25511.5,25514.0,569.0
2025-11-05 04:03:00.727266,25513.75,25521.25,25512.75,25520.5,367.0
2025-11-05 04:04:01.007452,25519.5,25537.5,25517.25,25536.75,730.0
2025-11-05 04:05:00.659361,25537.5,25539.75,25526.25,25527.0,857.0
2025-11-05 04:06:00.707485,25526.75,25533.0,25522.0,25529.5,468.0
2025-11-05 04:07:00.658053,25530.25,25540.0,25527.0,25538.0,691.0
2025-11-05 04:08:00.713905,25539.0,25546.5,25539.0,25546.5,829.0
2025-11-05 04:09:00.976546,25546.5,25548.75,25540.25,25542.5,803.0
2025-11-05 04:10:00.741970,25542.5,25547.75,25539.75,25544.75,473.0
2025-11-05 04:11:00.756441,25545.0,25552.0,25545.0,25549.25,611.0
2025-11-05 04:12:01.028865,25549.75,25550.75,25545.5,25546.75,503.0
2025-11-05 04:13:00.657347,25546.75,25547.75,25535.0,25535.75,566.0
2025-11-05 04:14:00.568983,25536.25,25536.5,25520.75,25521.0,810.0
2025-11-05 04:15:00.696621,25520.25,25521.0,25516.25,25518.5,601.0
2025-11-05 04:16:00.995233,25518.75,25522.5,25514.75,25517.75,587.0
2025-11-05 04:17:00.672193,25517.5,25528.75,25514.25,25528.0,510.0
2025-11-05 04:18:00.705831,25528.0,25528.75,25519.75,25523.5,365.0
2025-11-05 04:19:00.655071,25523.0,25523.75,25512.25,25514.25,789.0
2025-11-05 04:20:00.706281,25513.25,25515.75,25506.75,25509.25,764.0
2025-11-05 04:21:00.521555,25508.75,25512.25,25507.75,25510.0,455.0
2025-11-05 04:22:01.088718,25509.75,25521.0,25506.5,25517.75,583.0
2025-11-05 04:23:01.235734,25517.75,25522.25,25514.5,25519.5,335.0
2025-11-05 04:24:01.537904,25518.75,25520.25,25510.25,25512.5,340.0
2025-11-05 04:25:01.353251,25512.5,25520.0,25508.5,25509.75,293.0
2025-11-05 04:26:00.826176,25509.75,25511.0,25504.0,25508.25,456.0
2025-11-05 04:27:01.092907,25508.5,25512.75,25504.75,25506.5,505.0
2025-11-05 04:28:02.868356,25507.0,25508.5,25500.5,25504.0,440.0
2025-11-05 04:29:03.576869,25504.75,25514.75,25504.0,25511.0,394.0
2025-11-05 04:30:01.143936,25511.5,25518.75,25511.25,25515.25,284.0
2025-11-05 04:31:01.291300,25515.0,25515.25,25499.0,25501.0,603.0
2025-11-05 04:32:00.802263,25501.5,25507.0,25497.0,25498.5,452.0
2025-11-05 04:33:00.762142,25499.0,25501.0,25493.5,25493.75,578.0
2025-11-05 04:34:00.699741,25494.5,25495.75,25481.0,25482.0,879.0
2025-11-05 04:35:00.573092,25481.5,25489.5,25481.0,25487.75,507.0
2025-11-05 04:36:00.563960,25488.25,25497.75,25486.75,25497.5,532.0
2025-11-05 04:37:00.844372,25497.0,25499.0,25486.75,25487.0,686.0
2025-11-05 04:38:00.731131,25487.75,25492.25,25486.5,25491.75,347.0
2025-11-05 04:39:01.403688,25492.25,25502.0,25490.25,25501.0,538.0
2025-11-05 04:40:00.900436,25501.25,25508.25,25501.0,25505.25,519.0
2025-11-05 04:41:00.727667,25505.5,25515.25,25500.0,25512.0,816.0
2025-11-05 04:42:00.739885,25511.75,25514.5,25509.5,25510.5,449.0
2025-11-05 04:43:01.921977,25509.75,25511.5,25503.25,25504.75,325.0
2025-11-05 04:44:00.800273,25504.5,25506.5,25500.5,25502.75,506.0
2025-11-05 04:45:00.578424,25502.75,25511.0,25502.5,25505.5,373.0
2025-11-05 04:46:03.433300,25506.25,25506.25,25496.0,25500.0,485.0
2025-11-05 04:47:00.771748,25500.0,25500.0,25493.25,25496.25,262.0
2025-11-05 04:48:00.784241,25496.25,25501.25,25493.5,25498.0,324.0
2025-11-05 04:49:00.896538,25497.5,25501.5,25495.25,25500.5,172.0
2025-11-05 04:50:00.692789,25499.75,25518.25,25499.75,25516.75,676.0
2025-11-05 04:51:00.657634,25516.25,25519.75,25511.0,25513.5,515.0
2025-11-05 04:52:01.289263,25513.0,25517.5,25511.0,25513.5,168.0
2025-11-05 04:53:00.931623,25514.25,25517.5,25511.5,25515.5,182.0
2025-11-05 04:54:00.758620,25515.75,25522.0,25514.25,25522.0,340.0
2025-11-05 04:55:00.806596,25520.75,25524.5,25517.25,25523.25,372.0
2025-11-05 04:56:00.940131,25524.0,25526.75,25520.75,25524.75,406.0
2025-11-05 04:57:00.798709,25525.5,25526.0,25519.0,25520.0,296.0
2025-11-05 04:58:00.757496,25520.5,25521.25,25516.25,25519.5,359.0
2025-11-05 04:59:00.909449,25518.5,25520.0,25515.0,25518.75,261.0
2025-11-05 05:00:01.345065,25519.25,25520.25,25515.75,25519.25,122.0
2025-11-05 05:01:01.587256,25518.5,25519.75,25505.0,25509.75,632.0
2025-11-05 05:02:01.493080,25508.75,25509.25,25499.0,25502.5,750.0
2025-11-05 05:03:00.994597,25502.25,25537.75,25496.75,25512.25,2345.0
2025-11-05 05:04:01.008691,25511.5,25526.0,25508.75,25516.25,1534.0
2025-11-05 05:05:01.004688,25516.0,25520.5,25514.5,25519.25,464.0
2025-11-05 05:06:01.283360,25519.75,25522.25,25507.75,25517.75,844.0
2025-11-05 05:07:00.808871,25517.25,25518.0,25507.0,25509.5,459.0
2025-11-05 05:08:01.272789,25509.25,25525.25,25507.5,25523.75,684.0
2025-11-05 05:09:00.540622,25524.5,25526.0,25512.0,25516.5,550.0
2025-11-05 05:10:00.746527,25516.75,25517.25,25506.75,25507.25,313.0
2025-11-05 05:11:00.614004,25506.5,25507.5,25497.0,25499.5,673.0
2025-11-05 05:12:02.971935,25499.5,25499.5,25491.75,25496.0,665.0
2025-11-05 05:13:01.095530,25496.75,25500.5,25489.0,25491.25,450.0
2025-11-05 05:14:00.751543,25491.25,25496.0,25491.0,25495.5,394.0
2025-11-05 05:15:01.073042,25494.25,25503.75,25492.5,25502.0,370.0
2025-11-05 05:16:00.898811,25501.75,25506.25,25498.25,25500.75,389.0
2025-11-05 05:17:01.308336,25500.75,25500.75,25497.75,25500.25,144.0
2025-11-05 05:18:00.745006,25501.0,25505.5,25499.75,25505.5,173.0
2025-11-05 05:19:01.434205,25504.5,25508.0,25501.25,25506.0,253.0
2025-11-05 05:20:01.439454,25506.0,25508.75,25498.0,25499.0,274.0
2025-11-05 05:21:00.692181,25499.0,25500.5,25493.0,25493.0,268.0
2025-11-05 05:22:00.839742,25493.25,25500.75,25492.25,25497.25,323.0
2025-11-05 05:23:02.855242,25497.25,25497.5,25492.0,25497.0,255.0
2025-11-05 05:24:00.608920,25496.75,25500.5,25493.75,25499.25,251.0
2025-11-05 05:25:01.341111,25500.0,25502.75,25498.5,25501.0,203.0
2025-11-05 05:26:00.957961,25501.75,25503.25,25493.5,25497.0,375.0
2025-11-05 05:27:01.125388,25496.5,25499.0,25493.0,25493.0,179.0
2025-11-05 05:28:00.945700,25493.75,25503.5,25493.75,25503.5,236.0
2025-11-05 05:29:00.560652,25504.0,25504.75,25494.0,25499.25,367.0
2025-11-05 05:30:01.559358,25499.0,25499.0,25492.75,25493.25,162.0
2025-11-05 05:31:00.752999,25493.25,25493.25,25482.25,25488.75,620.0
2025-11-05 05:32:01.787138,25488.5,25494.75,25486.5,25487.5,348.0
2025-11-05 05:33:00.743988,25487.25,25491.75,25487.25,25489.0,149.0
2025-11-05 05:34:00.593880,25488.25,25488.5,25484.5,25488.5,143.0
2025-11-05 05:35:01.124626,25487.75,25495.25,25487.75,25491.25,249.0
2025-11-05 05:36:01.225984,25491.25,25496.25,25490.5,25493.5,279.0
2025-11-05 05:37:04.968780,25493.75,25495.75,25489.5,25494.5,165.0
2025-11-05 05:38:00.826113,25494.5,25494.75,25490.25,25491.75,148.0
2025-11-05 05:39:00.543602,25491.75,25493.0,25482.75,25484.75,291.0
2025-11-05 05:40:00.580071,25484.75,25487.75,25481.75,25484.0,373.0
2025-11-05 05:41:00.604475,25484.25,25487.75,25483.5,25483.5,222.0
2025-11-05 05:42:01.140118,25484.0,25485.25,25481.75,25484.0,163.0
2025-11-05 05:43:00.756702,25484.5,25485.75,25480.5,25484.0,296.0
2025-11-05 05:44:02.717309,25484.25,25487.25,25482.5,25482.75,212.0
2025-11-05 05:45:02.873336,25483.5,25486.75,25482.5,25485.75,161.0
2025-11-05 05:46:00.601348,25484.75,25485.75,25468.0,25469.5,946.0
2025-11-05 05:47:00.898999,25469.5,25476.5,25467.75,25472.25,636.0
2025-11-05 05:48:01.121921,25473.25,25476.5,25469.0,25475.5,419.0
2025-11-05 05:49:00.757719,25475.25,25477.75,25469.0,25471.25,360.0
2025-11-05 05:50:00.731951,25471.25,25479.25,25471.25,25477.75,416.0
2025-11-05 05:51:00.824062,25477.0,25478.25,25473.25,25474.25,396.0
2025-11-05 05:52:02.254606,25474.0,25474.5,25470.5,25471.25,188.0
2025-11-05 05:53:00.712100,25471.25,25471.25,25458.25,25459.0,846.0
2025-11-05 05:54:00.585805,25458.5,25461.25,25455.5,25456.5,562.0
2025-11-05 05:55:00.709932,25456.25,25457.25,25436.0,25438.25,1777.0
2025-11-05 05:56:01.129137,25438.0,25442.0,25431.25,25433.5,1411.0
2025-11-05 05:57:00.753666,25433.25,25437.5,25425.0,25427.0,1518.0
2025-11-05 05:58:00.847941,25426.75,25429.25,25414.25,25417.75,1706.0
2025-11-05 05:59:00.545987,25417.25,25426.25,25412.5,25424.0,1007.0
2025-11-05 06:00:00.908398,25424.0,25424.0,25411.75,25413.5,879.0
2025-11-05 06:01:01.235508,25413.0,25417.25,25404.25,25410.75,1788.0
2025-11-05 06:02:00.814514,25410.25,25427.25,25403.75,25426.0,1250.0
2025-11-05 06:03:00.816840,25425.75,25428.25,25417.0,25423.25,1024.0
2025-11-05 06:04:00.788951,25423.0,25432.75,25421.0,25431.0,799.0
2025-11-05 06:05:00.636286,25431.75,25433.75,25426.5,25427.75,558.0
2025-11-05 06:06:00.572819,25428.25,25428.5,25421.25,25422.5,596.0
2025-11-05 06:07:00.740255,25422.75,25430.5,25421.0,25426.25,556.0
2025-11-05 06:08:00.649614,25426.75,25433.75,25424.75,25430.75,450.0
2025-11-05 06:09:00.579609,25431.5,25434.0,25421.0,25422.0,519.0
2025-11-05 06:10:00.622063,25422.75,25427.25,25414.25,25426.5,990.0
2025-11-05 06:11:00.538942,25426.5,25438.75,25422.75,25435.75,831.0
2025-11-05 06:12:00.535848,25435.75,25442.0,25431.25,25432.25,851.0
2025-11-05 06:13:00.579904,25432.5,25439.75,25432.25,25437.0,375.0
2025-11-05 06:14:00.871956,25436.75,25439.5,25431.75,25436.5,340.0
2025-11-05 06:15:00.586440,25437.25,25438.75,25432.25,25436.5,390.0
2025-11-05 06:16:00.762927,25435.5,25438.0,25434.25,25435.25,298.0
2025-11-05 06:17:00.540905,25436.25,25446.5,25435.0,25443.75,663.0
2025-11-05 06:18:00.598908,25444.25,25449.0,25441.5,25447.25,683.0
2025-11-05 06:19:00.575493,25447.25,25467.0,25445.75,25464.25,1591.0
2025-11-05 06:20:00.860839,25465.0,25467.5,25449.25,25450.0,1108.0
2025-11-05 06:21:00.823022,25450.0,25465.75,25449.0,25462.75,852.0
2025-11-05 06:22:00.728269,25463.25,25465.25,25456.75,25459.5,548.0
2025-11-05 06:23:00.556808,25460.0,25468.25,25460.0,25465.75,450.0
2025-11-05 06:24:00.684144,25465.75,25467.5,25461.5,25464.25,509.0
2025-11-05 06:25:00.699664,25465.0,25465.75,25460.25,25464.0,233.0
2025-11-05 06:26:00.860723,25464.25,25466.75,25463.0,25464.5,320.0
2025-11-05 06:27:00.563789,25463.75,25465.0,25452.5,25455.25,805.0
2025-11-05 06:28:00.770790,25455.5,25456.25,25451.75,25456.0,423.0
2025-11-05 06:29:00.793368,25456.25,25456.75,25447.0,25450.5,654.0
2025-11-05 06:30:00.697551,25450.0,25452.25,25447.25,25448.5,378.0
2025-11-05 06:31:02.234455,25447.5,25456.75,25445.0,25455.5,650.0
2025-11-05 06:32:03.993317,25455.25,25460.75,25454.5,25455.75,455.0
2025-11-05 06:33:00.804776,25456.25,25456.75,25449.5,25451.0,311.0
2025-11-05 06:34:00.621654,25451.5,25452.5,25437.5,25440.25,782.0
2025-11-05 06:35:00.757487,25439.75,25443.75,25434.5,25436.0,639.0
2025-11-05 06:36:00.783658,25436.0,25453.25,25435.0,25453.25,664.0
2025-11-05 06:37:00.840528,25452.25,25458.0,25449.75,25457.5,546.0
2025-11-05 06:38:01.677169,25458.0,25460.75,25450.75,25452.75,504.0
2025-11-05 06:39:00.673795,25452.5,25452.75,25448.25,25450.5,309.0
2025-11-05 06:40:00.952435,25450.5,25458.5,25450.5,25458.25,358.0
2025-11-05 06:41:00.542154,25457.75,25474.25,25457.5,25474.25,1028.0
2025-11-05 06:42:00.892064,25473.75,25479.5,25473.25,25475.75,1226.0
2025-11-05 06:43:00.762846,25475.5,25476.5,25463.75,25468.25,621.0
2025-11-05 06:44:01.169064,25468.25,25471.75,25464.0,25468.75,364.0
2025-11-05 06:45:01.240499,25469.25,25471.5,25467.75,25470.75,253.0
2025-11-05 06:46:01.344900,25472.0,25475.5,25469.5,25475.25,340.0
2025-11-05 06:47:00.721673,25475.75,25476.25,25471.25,25476.25,359.0
2025-11-05 06:48:00.597824,25476.5,25482.0,25473.75,25479.25,641.0
2025-11-05 06:49:00.950448,25479.25,25481.25,25471.0,25471.75,610.0
2025-11-05 06:50:01.480149,25472.0,25475.0,25470.5,25473.0,309.0
2025-11-05 06:51:00.594678,25472.25,25474.75,25468.5,25473.5,457.0
2025-11-05 06:52:00.582367,25473.5,25475.75,25468.25,25474.25,418.0
2025-11-05 06:53:00.807462,25474.25,25482.0,25474.25,25482.0,419.0
2025-11-05 06:54:03.289722,25481.5,25484.25,25480.5,25482.0,437.0
2025-11-05 06:55:01.205936,25483.0,25484.0,25475.75,25476.75,319.0
2025-11-05 06:56:00.690211,25476.25,25483.25,25470.0,25475.5,777.0
2025-11-05 06:57:00.659943,25476.25,25479.0,25471.25,25476.25,403.0
2025-11-05 06:58:00.575998,25475.75,25481.5,25474.75,25475.75,372.0
2025-11-05 06:59:00.891384,25476.25,25480.5,25475.0,25479.0,197.0
2025-11-05 07:00:00.940503,25479.25,25482.75,25476.25,25481.5,439.0
2025-11-05 07:01:01.542719,25481.5,25482.0,25458.25,25459.5,1768.0
2025-11-05 07:02:00.994157,25460.0,25474.5,25458.25,25472.0,726.0
2025-11-05 07:03:00.672339,25471.25,25471.5,25463.5,25463.5,434.0
2025-11-05 07:04:00.860701,25463.0,25474.5,25461.75,25472.25,441.0
2025-11-05 07:05:00.805142,25471.75,25473.0,25464.0,25466.0,308.0
2025-11-05 07:06:01.288724,25465.25,25473.75,25465.0,25467.0,413.0
2025-11-05 07:07:00.573615,25466.5,25472.0,25463.75,25472.0,365.0
2025-11-05 07:08:00.552224,25471.25,25486.75,25471.25,25484.5,879.0
2025-11-05 07:09:00.692809,25485.0,25488.75,25481.25,25486.25,722.0
2025-11-05 07:10:00.842343,25485.75,25488.5,25481.75,25488.5,261.0
2025-11-05 07:11:00.837763,25488.0,25490.0,25485.0,25485.5,375.0
2025-11-05 07:12:00.825139,25485.0,25485.25,25478.0,25479.25,425.0
2025-11-05 07:13:01.510908,25479.75,25480.25,25471.0,25471.5,401.0
2025-11-05 07:14:00.597432,25472.0,25480.5,25469.5,25478.75,553.0
2025-11-05 07:15:01.156544,25479.25,25479.25,25475.75,25478.0,337.0
2025-11-05 07:16:00.965217,25478.75,25481.75,25477.5,25479.5,326.0
2025-11-05 07:17:00.712364,25479.5,25482.0,25478.75,25479.0,229.0
2025-11-05 07:18:01.152025,25479.5,25485.5,25478.75,25485.5,442.0
2025-11-05 07:19:00.908719,25486.0,25499.5,25484.75,25495.5,1150.0
2025-11-05 07:20:02.872586,25496.0,25505.25,25495.5,25503.0,780.0
2025-11-05 07:21:00.901691,25503.5,25511.5,25501.75,25509.75,1113.0
2025-11-05 07:22:00.901280,25509.75,25513.25,25505.25,25512.75,632.0
2025-11-05 07:23:00.915118,25512.0,25514.25,25507.0,25511.75,482.0
2025-11-05 07:24:00.852706,25511.75,25512.0,25505.75,25507.5,311.0
2025-11-05 07:25:01.793635,25507.0,25511.75,25503.75,25511.0,566.0
2025-11-05 07:26:00.939051,25511.5,25518.0,25510.5,25517.25,549.0
2025-11-05 07:27:01.013172,25517.25,25522.5,25512.25,25514.0,852.0
2025-11-05 07:28:00.909699,25513.75,25513.75,25503.0,25505.0,839.0
2025-11-05 07:29:00.785422,25504.75,25510.5,25500.25,25506.0,633.0
2025-11-05 07:30:01.036667,25506.0,25507.0,25500.25,25503.75,349.0
2025-11-05 07:31:01.115650,25503.25,25506.0,25500.5,25503.25,331.0
2025-11-05 07:32:00.956648,25503.0,25513.0,25502.25,25508.25,434.0
2025-11-05 07:33:00.653901,25508.25,25511.75,25506.5,25508.75,496.0
2025-11-05 07:34:00.642351,25508.75,25516.5,25508.5,25515.75,426.0
2025-11-05 07:35:00.881391,25516.0,25516.5,25508.75,25510.5,329.0
2025-11-05 07:36:00.635188,25511.5,25513.75,25510.0,25511.5,183.0
2025-11-05 07:37:00.630291,25511.75,25516.75,25510.75,25514.75,278.0
2025-11-05 07:38:00.643596,25514.25,25521.25,25514.0,25520.5,505.0
2025-11-05 07:39:00.629789,25519.75,25520.0,25513.0,25514.0,420.0
2025-11-05 07:40:00.661684,25513.75,25525.5,25512.75,25525.0,821.0
2025-11-05 07:41:00.891935,25525.0,25531.5,25524.0,25531.5,1156.0
2025-11-05 07:42:00.595717,25530.75,25532.0,25525.75,25531.5,607.0
2025-11-05 07:43:00.643724,25531.5,25535.75,25527.5,25531.5,990.0
2025-11-05 07:44:00.913617,25531.5,25534.5,25530.25,25531.25,455.0
2025-11-05 07:45:00.893745,25531.25,25535.5,25528.5,25530.0,430.0
2025-11-05 07:46:01.418632,25530.0,25530.75,25518.0,25519.5,901.0
2025-11-05 07:47:01.037763,25519.5,25520.0,25507.5,25509.0,958.0
2025-11-05 07:48:01.646000,25509.25,25514.0,25507.75,25513.25,488.0
2025-11-05 07:49:00.631752,25512.75,25513.5,25501.25,25505.25,787.0
2025-11-05 07:50:00.735111,25505.5,25508.5,25500.0,25503.5,709.0
2025-11-05 07:51:01.261817,25503.5,25516.5,25499.25,25512.5,1103.0
2025-11-05 07:52:00.785152,25512.5,25518.0,25511.0,25513.0,726.0
2025-11-05 07:53:00.913741,25513.5,25515.25,25503.25,25505.5,626.0
2025-11-05 07:54:01.155681,25505.0,25512.75,25504.25,25510.25,457.0
2025-11-05 07:55:00.735665,25511.0,25512.0,25505.25,25507.25,353.0
2025-11-05 07:56:01.329612,25507.75,25509.5,25500.5,25507.5,406.0
2025-11-05 07:57:00.678771,25508.25,25520.5,25507.0,25519.0,705.0
2025-11-05 07:58:00.677212,25519.25,25526.5,25518.5,25524.75,626.0
2025-11-05 07:59:00.677495,25524.75,25527.75,25523.0,25527.5,483.0
2025-11-05 08:00:00.888527,25527.0,25530.5,25526.25,25529.25,587.0
2025-11-05 08:01:01.285083,25528.5,25528.5,25520.0,25525.75,817.0
2025-11-05 08:02:00.894097,25525.5,25528.75,25522.25,25524.75,525.0
2025-11-05 08:03:01.357901,25525.0,25530.5,25524.25,25524.25,462.0
2025-11-05 08:04:00.948700,25524.0,25526.0,25520.25,25521.75,528.0
2025-11-05 08:05:00.736108,25522.5,25535.25,25521.75,25534.75,697.0
2025-11-05 08:06:00.822886,25534.0,25541.25,25531.25,25537.0,1224.0
2025-11-05 08:07:00.906864,25537.5,25538.75,25511.0,25514.75,1188.0
2025-11-05 08:08:00.902372,25515.25,25520.25,25514.5,25518.25,556.0
2025-11-05 08:09:00.716764,25518.0,25523.5,25517.0,25521.25,431.0
2025-11-05 08:10:00.802618,25521.0,25523.0,25513.5,25514.25,521.0
2025-11-05 08:11:02.962240,25514.5,25517.25,25510.0,25515.25,589.0
2025-11-05 08:12:00.778857,25514.75,25515.75,25508.25,25510.25,314.0
2025-11-05 08:13:00.725786,25510.0,25517.5,25508.5,25514.0,402.0
2025-11-05 08:14:00.961011,25513.5,25521.75,25513.25,25520.75,392.0
2025-11-05 08:15:00.866801,25521.0,25522.25,25518.0,25519.75,380.0
2025-11-05 08:16:00.715311,25520.0,25531.0,25517.75,25527.0,1246.0
2025-11-05 08:17:01.835439,25526.75,25529.5,25519.25,25525.75,748.0
2025-11-05 08:18:00.666606,25526.0,25527.0,25514.5,25522.0,720.0
2025-11-05 08:19:01.670505,25522.25,25531.75,25522.0,25524.75,777.0
2025-11-05 08:20:00.912901,25524.75,25531.75,25522.0,25525.75,677.0
2025-11-05 08:21:00.832365,25525.75,25528.0,25518.25,25518.75,509.0
2025-11-05 08:22:01.148722,25519.25,25520.0,25515.25,25518.0,567.0
2025-11-05 08:23:00.810066,25519.25,25532.5,25517.25,25530.75,930.0
2025-11-05 08:24:01.160776,25531.25,25539.5,25528.25,25534.25,856.0
2025-11-05 08:25:00.808068,25534.5,25534.5,25530.0,25532.75,340.0
2025-11-05 08:26:00.822142,25531.75,25544.5,25531.75,25540.5,1111.0
2025-11-05 08:27:00.727743,25539.75,25546.75,25536.0,25545.5,661.0
2025-11-05 08:28:00.719092,25545.0,25550.75,25544.25,25550.5,1077.0
2025-11-05 08:29:00.912289,25550.0,25558.5,25546.25,25557.0,1549.0
2025-11-05 08:30:00.968680,25557.0,25565.25,25554.5,25561.25,1914.0
2025-11-05 08:31:01.007462,25561.75,25566.25,25552.5,25554.75,2166.0
2025-11-05 08:32:00.694861,25555.0,25570.0,25553.5,25568.75,1972.0
2025-11-05 08:33:00.844889,25568.75,25571.0,25557.75,25559.25,1651.0
2025-11-05 08:34:00.713877,25559.25,25561.0,25548.5,25550.25,1355.0
2025-11-05 08:35:00.799494,25549.5,25549.75,25538.25,25544.0,1422.0
2025-11-05 08:36:00.820822,25543.75,25550.0,25542.0,25548.75,1101.0
2025-11-05 08:37:00.875663,25548.75,25560.75,25546.0,25556.75,1428.0
2025-11-05 08:38:00.941875,25557.0,25568.5,25556.25,25567.5,1046.0
2025-11-05 08:39:00.757457,25567.5,25579.5,25566.25,25578.5,2306.0
2025-11-05 08:40:00.721301,25579.0,25579.0,25570.25,25571.25,1308.0
2025-11-05 08:41:00.706500,25570.25,25578.75,25565.0,25578.0,1463.0
2025-11-05 08:42:00.717956,25578.0,25588.75,25577.0,25586.5,1978.0
2025-11-05 08:43:00.819273,25586.5,25593.5,25584.75,25593.0,1486.0
2025-11-05 08:44:00.677654,25592.75,25595.75,25584.5,25588.25,1653.0
2025-11-05 08:45:00.847958,25588.25,25594.5,25588.0,25591.0,886.0
2025-11-05 08:46:01.060128,25590.0,25591.75,25579.75,25586.75,1126.0
2025-11-05 08:47:01.022694,25585.5,25595.0,25582.75,25593.25,1015.0
2025-11-05 08:48:01.011873,25592.5,25593.5,25579.0,25580.0,786.0
2025-11-05 08:49:00.884515,25580.0,25591.0,25579.25,25591.0,779.0
2025-11-05 08:50:00.765284,25590.0,25595.0,25586.25,25594.0,612.0
2025-11-05 08:51:01.022460,25593.75,25595.25,25587.25,25589.5,658.0
2025-11-05 08:52:00.988312,25589.75,25589.75,25584.0,25586.0,485.0
2025-11-05 08:53:00.905281,25587.0,25588.25,25581.5,25584.25,503.0
2025-11-05 08:54:00.832168,25584.5,25587.0,25581.0,25586.0,525.0
2025-11-05 08:55:01.478150,25586.25,25593.25,25583.25,25591.25,839.0
2025-11-05 08:56:01.081141,25591.25,25592.5,25586.25,25589.25,714.0
2025-11-05 08:57:01.801947,25588.75,25593.5,25580.75,25591.75,1443.0
2025-11-05 08:58:00.957277,25591.5,25593.0,25586.25,25588.0,642.0
2025-11-05 08:59:00.684480,25588.0,25593.75,25584.25,25589.5,476.0
2025-11-05 09:00:03.089881,25589.0,25591.5,25583.5,25587.5,842.0
2025-11-05 09:01:01.190275,25586.5,25588.5,25571.25,25575.5,2047.0
2025-11-05 09:02:00.844648,25575.25,25583.0,25570.75,25578.0,1214.0
2025-11-05 09:03:00.840536,25578.25,25580.25,25567.75,25569.75,1101.0
2025-11-05 09:04:00.874089,25570.0,25575.75,25566.5,25568.0,1152.0
2025-11-05 09:05:00.665477,25568.5,25569.75,25559.75,25565.25,1668.0
2025-11-05 09:06:00.750224,25565.25,25576.0,25562.25,25574.75,1452.0
2025-11-05 09:07:01.089198,25575.0,25582.5,25571.25,25581.0,1697.0
2025-11-05 09:08:00.846852,25580.5,25588.75,25580.25,25585.75,1263.0
2025-11-05 09:09:00.669157,25586.75,25587.25,25573.0,25576.25,1212.0
2025-11-05 09:10:00.710379,25576.5,25579.5,25573.25,25573.75,562.0
2025-11-05 09:11:00.703913,25573.75,25576.0,25563.75,25566.75,1213.0
2025-11-05 09:12:00.839330,25567.0,25573.25,25565.75,25573.0,768.0
2025-11-05 09:13:01.539695,25573.0,25577.75,25569.5,25575.0,745.0
2025-11-05 09:14:00.703090,25575.5,25578.25,25572.0,25575.0,484.0
2025-11-05 09:15:00.709342,25575.5,25576.75,25567.0,25569.25,751.0
2025-11-05 09:16:00.943746,25569.0,25569.0,25557.5,25562.25,1836.0
2025-11-05 09:17:00.853984,25562.5,25565.75,25557.25,25559.5,1017.0
2025-11-05 09:18:00.764978,25558.75,25568.75,25555.75,25566.75,1167.0
2025-11-05 09:19:00.659206,25566.5,25569.0,25558.75,25559.75,828.0
2025-11-05 09:20:00.881283,25559.25,25561.0,25554.0,25559.5,887.0
2025-11-05 09:21:00.708954,25560.0,25560.5,25555.75,25558.75,530.0
2025-11-05 09:22:01.247191,25558.75,25563.75,25556.0,25563.25,581.0
2025-11-05 09:23:00.938470,25563.0,25564.75,25557.5,25558.75,603.0
2025-11-05 09:24:00.660921,25559.0,25560.0,25555.75,25558.5,447.0
2025-11-05 09:25:00.765893,25557.75,25559.75,25551.75,25554.25,889.0
2025-11-05 09:26:00.684806,25554.0,25554.0,25539.25,25541.25,2714.0
2025-11-05 09:27:00.743115,25541.75,25554.5,25540.75,25549.75,1705.0
2025-11-05 09:28:00.921228,25549.75,25551.5,25532.25,25533.0,1590.0
2025-11-05 09:29:00.716070,25533.25,25549.0,25529.5,25545.75,2198.0
2025-11-05 09:30:02.215153,25546.0,25555.75,25541.0,25542.0,2050.0
2025-11-05 09:31:01.080538,25542.25,25577.25,25530.75,25569.0,10017.0
2025-11-05 09:32:01.009002,25569.5,25576.25,25523.0,25527.5,9609.0
2025-11-05 09:33:00.818131,25527.5,25545.5,25523.25,25538.75,6409.0
2025-11-05 09:34:00.851819,25538.75,25550.0,25521.0,25539.5,6119.0
2025-11-05 09:35:01.337579,25539.75,25542.0,25500.75,25502.0,8356.0
2025-11-05 09:36:00.932077,25502.25,25518.0,25490.0,25514.0,9751.0
2025-11-05 09:37:00.701906,25513.75,25523.75,25487.75,25494.0,7413.0
2025-11-05 09:38:01.005932,25494.5,25544.25,25494.5,25533.0,8724.0
2025-11-05 09:39:00.978550,25532.75,25554.0,25530.75,25551.25,6359.0
2025-11-05 09:40:01.741956,25551.0,25574.0,25549.75,25554.75,7712.0
2025-11-05 09:41:00.611330,25553.75,25563.75,25545.0,25546.0,5513.0
2025-11-05 09:42:00.884848,25545.5,25554.0,25518.25,25528.75,8725.0
2025-11-05 09:43:00.666586,25529.0,25529.0,25509.0,25515.0,5311.0
2025-11-05 09:44:00.632385,25515.0,25546.0,25508.75,25541.75,5442.0
2025-11-05 09:45:01.052893,25541.5,25545.75,25519.5,25526.25,3630.0
2025-11-05 09:46:01.001771,25528.5,25554.75,25522.0,25553.75,5072.0
2025-11-05 09:47:01.002649,25553.25,25571.5,25547.0,25568.0,6869.0
2025-11-05 09:48:01.086401,25567.25,25601.5,25564.5,25600.5,10640.0
2025-11-05 09:49:00.988796,25600.25,25620.25,25590.75,25612.25,10609.0
2025-11-05 09:50:01.385063,25611.75,25614.25,25601.5,25608.5,4738.0
2025-11-05 09:51:00.855376,25608.5,25627.5,25600.25,25624.25,7234.0
2025-11-05 09:52:00.979126,25624.0,25637.0,25620.25,25633.25,6281.0
2025-11-05 09:53:00.806239,25633.5,25640.5,25621.75,25638.25,5723.0
2025-11-05 09:54:01.024768,25638.25,25661.0,25637.25,25658.25,6511.0
2025-11-05 09:55:00.909591,25658.5,25671.25,25655.5,25667.75,6620.0
2025-11-05 09:56:00.701702,25667.5,25672.75,25650.25,25666.5,6720.0
2025-11-05 09:57:00.775053,25666.25,25678.0,25655.25,25677.25,4987.0
2025-11-05 09:58:00.902464,25677.75,25685.5,25674.5,25680.25,5365.0
2025-11-05 09:59:00.731292,25680.0,25690.75,25666.75,25678.75,5336.0
2025-11-05 10:00:02.957097,25679.0,25689.75,25677.5,25686.75,3950.0
2025-11-05 10:01:01.566063,25686.25,25695.0,25657.25,25683.0,9111.0
2025-11-05 10:02:00.673549,25682.75,25694.25,25662.0,25667.25,5497.0
2025-11-05 10:03:00.721831,25667.5,25675.75,25651.25,25659.75,5913.0
2025-11-05 10:04:00.830348,25659.75,25673.75,25642.75,25666.5,7761.0
2025-11-05 10:05:00.767386,25666.25,25673.0,25648.25,25654.5,4765.0
2025-11-05 10:06:00.721216,25654.0,25692.75,25647.5,25686.75,8223.0
2025-11-05 10:07:00.947446,25686.75,25716.75,25684.5,25704.25,10459.0
2025-11-05 10:08:00.906007,25704.75,25705.5,25666.75,25679.0,6735.0
2025-11-05 10:09:00.699570,25679.25,25684.0,25663.5,25673.25,4478.0
2025-11-05 10:10:00.898972,25672.5,25681.0,25666.0,25679.75,2993.0
2025-11-05 10:11:01.565344,25680.0,25680.75,25659.0,25666.25,4499.0
2025-11-05 10:12:00.786318,25666.0,25674.75,25646.5,25660.5,6266.0
2025-11-05 10:13:00.878641,25661.5,25668.75,25651.25,25659.0,3805.0
2025-11-05 10:14:00.830071,25659.75,25667.0,25652.0,25658.0,3110.0
2025-11-05 10:15:01.111557,25658.5,25659.75,25643.75,25648.0,4485.0
2025-11-05 10:17:00.799021,25654.5,25667.0,25643.5,25650.5,4344.0
2025-11-05 10:18:00.949215,25650.75,25663.75,25648.0,25658.75,3603.0
2025-11-05 10:19:00.748609,25659.25,25669.25,25649.25,25665.25,5485.0
2025-11-05 10:20:01.077433,25665.75,25673.5,25645.5,25649.25,4617.0
2025-11-05 10:21:00.975135,25650.0,25654.75,25631.75,25644.75,6420.0
2025-11-05 10:22:00.791559,25643.75,25647.0,25618.5,25629.0,8171.0
2025-11-05 10:23:00.896219,25628.25,25660.75,25623.25,25659.25,6929.0
2025-11-05 10:24:01.134538,25658.75,25682.25,25654.75,25681.75,6720.0
2025-11-05 10:25:00.890286,25681.25,25688.25,25671.0,25684.0,4489.0
2025-11-05 10:26:02.221298,25684.0,25690.0,25671.5,25674.75,4689.0
2025-11-05 10:27:00.845904,25674.5,25699.25,25667.0,25693.75,5465.0
2025-11-05 10:29:00.710898,25708.25,25718.0,25705.75,25713.5,4529.0
2025-11-05 10:30:01.128503,25714.0,25717.0,25679.5,25688.5,5879.0
2025-11-05 10:31:01.523829,25689.0,25695.5,25674.75,25681.5,4609.0
2025-11-05 10:32:00.690837,25681.5,25698.25,25681.5,25694.25,3477.0
2025-11-05 10:33:00.861198,25694.75,25699.75,25684.5,25697.5,2817.0
2025-11-05 10:34:00.645436,25697.0,25711.25,25693.25,25705.25,3429.0
2025-11-05 10:35:00.767664,25705.5,25715.75,25695.25,25696.0,3858.0
2025-11-05 10:36:00.728941,25695.75,25710.0,25688.0,25709.75,3284.0
2025-11-05 10:37:00.675468,25710.0,25712.5,25697.25,25707.75,2548.0
2025-11-05 10:38:00.764585,25707.0,25710.5,25692.5,25699.75,2328.0
2025-11-05 10:39:00.783050,25699.5,25701.0,25685.75,25697.5,2611.0
2025-11-05 10:40:00.947256,25697.75,25704.5,25688.25,25703.75,2091.0
2025-11-05 10:43:05.982780,25706.0,25714.25,25697.5,25712.75,3631.0
2025-11-05 10:44:00.785409,25713.25,25719.5,25705.0,25716.75,2314.0
2025-11-05 10:45:00.925936,25717.0,25720.0,25701.0,25702.5,2256.0
2025-11-05 10:46:01.256783,25702.75,25712.5,25696.5,25704.5,2913.0
2025-11-05 10:47:00.682226,25704.5,25722.25,25702.75,25719.0,2647.0
2025-11-05 10:48:00.762321,25719.75,25726.5,25709.75,25724.25,2257.0
2025-11-05 10:49:00.679353,25724.25,25736.5,25716.0,25718.0,4661.0
2025-11-05 10:50:00.993063,25718.0,25720.5,25697.5,25703.25,4133.0
2025-11-05 10:51:01.816976,25703.75,25707.75,25692.25,25695.25,3165.0
2025-11-05 10:52:00.889307,25695.5,25719.25,25692.0,25717.25,3866.0
2025-11-05 10:53:00.665319,25718.5,25718.5,25694.75,25697.0,2937.0
2025-11-05 10:54:00.975883,25697.25,25701.5,25690.5,25696.75,2295.0
2025-11-05 10:55:00.789564,25696.5,25707.0,25692.75,25704.5,2386.0
2025-11-05 10:56:00.791711,25704.0,25704.75,25681.75,25690.0,3857.0
2025-11-05 10:57:00.666607,25690.0,25696.0,25678.0,25695.75,3864.0
2025-11-05 10:58:01.198764,25695.75,25712.0,25695.0,25702.25,3832.0
2025-11-05 10:59:00.795527,25702.5,25721.5,25697.5,25720.0,2924.0
2025-11-05 11:00:01.164238,25719.75,25724.75,25714.0,25719.75,3052.0
2025-11-05 11:01:01.137146,25720.25,25723.25,25699.0,25709.25,4625.0
2025-11-05 11:02:01.251695,25708.75,25734.25,25708.0,25725.75,4031.0
2025-11-05 11:03:11.317630,25726.0,25726.5,25713.75,25716.5,2184.0
2025-11-05 11:04:00.925081,25716.25,25717.75,25679.25,25687.0,5285.0
2025-11-05 11:05:00.869994,25687.25,25714.0,25683.5,25709.0,3654.0
2025-11-05 11:06:00.909807,25708.75,25722.25,25703.25,25717.75,3500.0
2025-11-05 11:07:00.685053,25718.25,25732.5,25702.5,25706.75,4484.0
2025-11-05 11:08:00.681782,25707.25,25719.25,25698.5,25701.5,2893.0
2025-11-05 11:09:00.712845,25701.75,25704.75,25692.0,25701.0,2440.0
2025-11-05 11:10:00.766389,25700.75,25714.75,25693.5,25711.5,1950.0
2025-11-05 11:11:00.792245,25712.0,25714.5,25689.25,25690.0,2837.0
2025-11-05 11:12:00.863106,25689.75,25707.25,25688.25,25700.5,2434.0
2025-11-05 11:13:00.914003,25700.0,25704.75,25689.5,25700.75,1836.0
2025-11-05 11:14:00.753623,25700.75,25704.75,25685.0,25694.5,2569.0
2025-11-05 11:15:04.039945,25694.0,25694.0,25666.75,25679.0,4674.0
2025-11-05 11:16:00.896644,25679.5,25694.75,25678.25,25686.75,3215.0
2025-11-05 11:17:00.997625,25687.25,25693.25,25670.75,25674.25,3209.0
2025-11-05 11:18:00.809345,25675.0,25676.25,25660.25,25660.5,3740.0
2025-11-05 11:19:00.699381,25660.25,25673.5,25658.25,25672.5,3081.0
2025-11-05 11:20:00.851109,25673.0,25678.25,25667.75,25672.5,2157.0
2025-11-05 11:21:00.773654,25671.75,25672.0,25659.25,25664.5,2627.0
2025-11-05 11:22:00.774867,25664.5,25685.0,25661.0,25677.25,3156.0
2025-11-05 11:23:00.808885,25676.75,25692.75,25670.25,25689.5,2981.0
2025-11-05 11:24:00.822090,25690.5,25692.5,25681.0,25692.5,1771.0
2025-11-05 11:25:00.989362,25692.25,25713.5,25691.25,25711.75,4578.0
2025-11-05 11:26:00.864180,25711.75,25724.75,25707.5,25722.25,3514.0
2025-11-05 11:27:01.069577,25722.25,25740.25,25721.25,25735.5,5287.0
2025-11-05 11:28:00.758665,25735.75,25736.0,25715.25,25732.0,3457.0
2025-11-05 11:29:01.007251,25732.0,25737.75,25728.5,25735.25,1799.0
2025-11-05 11:30:00.861266,25734.75,25747.25,25734.5,25742.5,3408.0
2025-11-05 11:31:00.946918,25742.5,25748.75,25729.0,25736.5,3141.0
2025-11-05 11:32:00.852550,25737.0,25745.5,25732.75,25738.5,1721.0
2025-11-05 11:33:00.700914,25738.75,25743.75,25732.0,25738.25,1312.0
2025-11-05 11:34:00.718132,25738.0,25749.5,25734.0,25743.5,2388.0
2025-11-05 11:35:00.696006,25743.25,25747.75,25739.0,25745.25,1519.0
2025-11-05 11:36:01.172187,25745.25,25746.75,25726.5,25734.0,2975.0
2025-11-05 11:37:01.027599,25734.25,25738.75,25730.25,25735.75,1481.0
2025-11-05 11:38:01.919548,25735.5,25745.75,25735.5,25740.25,1383.0
2025-11-05 11:39:00.742838,25740.5,25743.5,25733.5,25741.75,1038.0
2025-11-05 11:40:00.826377,25741.75,25744.0,25732.75,25740.75,1083.0
2025-11-05 11:41:01.034477,25741.0,25747.0,25739.25,25742.75,1456.0
2025-11-05 11:42:00.729758,25743.5,25745.5,25735.5,25737.25,1318.0
2025-11-05 11:43:00.774500,25737.25,25753.5,25737.25,25749.5,2937.0
2025-11-05 11:44:00.942873,25749.5,25762.0,25746.75,25760.25,3606.0
2025-11-05 11:45:00.745408,25760.5,25768.5,25759.25,25765.75,3046.0
2025-11-05 11:46:01.187350,25766.25,25769.0,25758.25,25766.25,2596.0
2025-11-05 11:47:00.583020,25766.5,25776.0,25763.0,25770.5,3704.0
2025-11-05 11:48:00.947197,25770.5,25773.0,25763.5,25766.75,2235.0
2025-11-05 11:49:00.697215,25766.25,25780.25,25763.5,25776.5,3539.0
2025-11-05 11:50:00.803696,25776.0,25785.5,25776.0,25778.25,2612.0
2025-11-05 11:51:00.668911,25778.75,25784.0,25772.5,25780.0,2449.0
2025-11-05 11:52:00.926355,25780.25,25783.25,25774.0,25779.0,1826.0
2025-11-05 11:53:00.960754,25779.25,25782.5,25775.5,25780.0,1197.0
2025-11-05 11:54:01.280035,25780.0,25784.5,25774.75,25780.75,1401.0
2025-11-05 11:55:00.687775,25781.25,25784.25,25775.5,25783.5,1375.0
2025-11-05 11:56:00.975713,25782.75,25786.75,25775.75,25782.5,2278.0
2025-11-05 11:57:00.664597,25782.75,25789.0,25779.0,25787.0,1577.0
2025-11-05 11:58:00.895591,25786.25,25787.5,25780.5,25786.75,1220.0
2025-11-05 11:59:00.827828,25786.25,25786.75,25771.25,25779.75,2627.0
2025-11-05 12:00:01.172408,25780.25,25780.25,25771.5,25774.5,1417.0
2025-11-05 12:01:01.355625,25774.0,25778.75,25767.25,25772.75,2024.0
2025-11-05 12:02:00.987843,25774.0,25781.25,25772.0,25774.25,1220.0
2025-11-05 12:03:00.969389,25774.5,25784.5,25765.5,25770.75,2141.0
2025-11-05 12:04:01.000392,25770.5,25774.75,25761.0,25770.0,2233.0
2025-11-05 12:05:00.868385,25770.0,25770.75,25759.5,25761.25,1798.0
2025-11-05 12:06:00.782090,25761.5,25774.5,25761.5,25768.25,1707.0
2025-11-05 12:07:00.676490,25768.25,25775.25,25767.25,25773.0,1276.0
2025-11-05 12:08:00.659212,25773.0,25774.25,25765.5,25768.0,1121.0
2025-11-05 12:09:00.675700,25768.0,25768.5,25749.5,25752.25,2910.0
2025-11-05 12:10:01.545178,25751.75,25756.75,25749.5,25752.0,1694.0
2025-11-05 12:11:00.809140,25752.0,25752.75,25740.0,25750.5,3041.0
2025-11-05 12:12:00.664999,25750.75,25756.75,25744.25,25755.25,1823.0
2025-11-05 12:13:00.951410,25755.25,25766.5,25754.75,25765.25,1908.0
2025-11-05 12:14:00.708074,25765.75,25767.5,25759.0,25765.25,1388.0
2025-11-05 12:15:00.830788,25765.5,25771.75,25763.75,25766.25,1848.0
2025-11-05 12:16:01.050057,25765.75,25767.25,25754.25,25765.0,1947.0
2025-11-05 12:17:00.719665,25765.5,25770.75,25763.5,25770.25,1040.0
2025-11-05 12:18:00.685226,25770.0,25775.75,25766.75,25767.5,1648.0
2025-11-05 12:19:00.707267,25768.0,25774.25,25762.5,25770.25,1207.0
2025-11-05 12:20:00.696556,25770.25,25774.75,25768.0,25771.0,764.0
2025-11-05 12:21:00.942560,25770.75,25780.5,25767.75,25778.75,1639.0
2025-11-05 12:22:00.668238,25778.5,25782.5,25775.75,25777.25,1398.0
2025-11-05 12:23:00.682514,25776.75,25778.25,25770.5,25773.25,945.0
2025-11-05 12:24:00.892472,25773.75,25780.25,25772.25,25773.25,819.0
2025-11-05 12:25:01.012035,25773.75,25774.25,25768.25,25771.5,853.0
2025-11-05 12:26:00.612761,25771.75,25779.5,25771.25,25776.5,882.0
2025-11-05 12:27:00.586347,25776.25,25782.0,25775.5,25780.5,809.0
2025-11-05 12:28:00.732036,25780.0,25796.25,25778.75,25789.0,3622.0
2025-11-05 12:29:00.974960,25789.5,25790.75,25786.75,25787.5,1080.0
2025-11-05 12:30:06.138893,25787.25,25793.5,25786.75,25788.5,892.0
2025-11-05 12:31:01.663815,25788.75,25798.0,25786.5,25796.25,2213.0
2025-11-05 12:32:00.916333,25796.25,25802.5,25796.0,25798.5,2124.0
2025-11-05 12:33:00.713190,25798.5,25804.0,25796.0,25798.5,1859.0
2025-11-05 12:34:00.809775,25798.0,25799.0,25784.75,25786.5,2304.0
2025-11-05 12:35:00.827708,25786.25,25803.5,25786.25,25802.5,1842.0
2025-11-05 12:36:01.621288,25802.0,25814.75,25799.75,25811.5,3163.0
2025-11-05 12:37:01.076926,25811.5,25817.0,25810.0,25814.75,1621.0
2025-11-05 12:38:00.969324,25814.75,25820.0,25813.75,25817.75,1751.0
2025-11-05 12:39:00.876756,25818.5,25823.0,25817.75,25819.25,1766.0
